,seq_id,input_seq,aligned_seq,AbNatiV VHH Score,AbNatiV CDR1-VHH Score,AbNatiV CDR2-VHH Score,AbNatiV CDR3-VHH Score,AbNatiV FR-VHH Score
0,8bb7_D_idx1,QVQLQESGGGLVQPGGSLRLSCAASGFRLDYYAIGWFRQAPGKEREGVLCISSSGGSINYADSVKGRFTISRDNAKNTVYLQMNSLKPEDTAVYYCGASSYNTQRAECYGMDYWGKGTQVTVSA,QVQLQES-GGGLVQPGGSLRLSCAASG-FRLDY-----YAIGWFRQAPGKEREGVLCISSS---GGSINYADSVKGRFTISRDNAKNTVYLQMNSLKPEDTAVYYCGASSYNTQR---------------AECYGMDYWGKGTQVTVSA,0.8573499310168173,0.8967450983514544,0.8670256464904229,0.32525439640983056,0.9499050379890062
1,8bb7_C_idx2,VQLQESGGGLVQPGGSLRLSCAASGFRLDYYAIGWFRQAPGKEREGVLCISSSGGSINYADSVKGRFTISRDNAKNTVYLQMNSLKPEDTAVYYCGASSYNTQRAECYGMDYWGKGTQVTVSS,-VQLQES-GGGLVQPGGSLRLSCAASG-FRLDY-----YAIGWFRQAPGKEREGVLCISSS---GGSINYADSVKGRFTISRDNAKNTVYLQMNSLKPEDTAVYYCGASSYNTQR---------------AECYGMDYWGKGTQVTVSS,0.8522074262638756,0.8865378370171241,0.7985765206644405,0.4885945202672799,0.9219767572191364
2,8bf4_D_idx3,VQLQESGGGLVQAGGSLRLSCAASGFTLGYYAIGWFRQAPGKEREEVSCINASGGSTFYEDSVKGRFTISRDNAKNTVFLQMNRLKPEDTAVYYCAAACEVVAVGYWGQGTQVTVSA,-VQLQES-GGGLVQAGGSLRLSCAASG-FTLGY-----YAIGWFRQAPGKEREEVSCINAS---GGSTFYEDSVKGRFTISRDNAKNTVFLQMNRLKPEDTAVYYCAAACEV---------------------VAVGYWGQGTQVTVSA,0.8575350619733799,0.9756744661287662,0.5136430473658795,0.5808917762274177,0.9159087772146038
3,8bf4_E_idx4,VQLQESGGGLVQPGGSLRLSCAASGFRLDYYAIGWFRQAPGKEREGVLCISSSGGSINYADSVKGRFTISRDNAKNTVYLQMNSLKPEDTAVYYCGASSYNTQRAECYGMDYWGKGTQVTVSS,-VQLQES-GGGLVQPGGSLRLSCAASG-FRLDY-----YAIGWFRQAPGKEREGVLCISSS---GGSINYADSVKGRFTISRDNAKNTVYLQMNSLKPEDTAVYYCGASSYNTQR---------------AECYGMDYWGKGTQVTVSS,0.8522074262638756,0.8865378370171241,0.7985765206644405,0.4885945202672799,0.9219767572191364
4,8bf4_B_idx6,VQLQESGGGLVQPGGSLRLSCAASGFRLDYYAIGWFRQAPGKEREGVLCISSSGGSINYADSVKGRFTISRDNAKNTVYLQMNSLKPEDTAVYYCGASSYNTQRAECYGMDYWGKGTQVTVSA,-VQLQES-GGGLVQPGGSLRLSCAASG-FRLDY-----YAIGWFRQAPGKEREGVLCISSS---GGSINYADSVKGRFTISRDNAKNTVYLQMNSLKPEDTAVYYCGASSYNTQR---------------AECYGMDYWGKGTQVTVSA,0.836246952023245,0.8865378370171241,0.7985765206644405,0.4885945202672799,0.8993438035519293
5,6h7n_C_idx7,QVQLQESGGGLVQAGGSLRLSCAASGSIFALNIMGWYRQAPGKQRELVAAIHSGGTTNYANSVKGRFTISRDNAANTVYLQMNSLKPEDTAVYYCNVKDFGAIIYDYDYWGQGTQVTVSS,QVQLQES-GGGLVQAGGSLRLSCAASG-SIFAL-----NIMGWYRQAPGKQRELVAAIHS----GGTTNYANSVKGRFTISRDNAANTVYLQMNSLKPEDTAVYYCNVKDFGAI------------------IYDYDYWGQGTQVTVSS,0.875579752253828,0.6144806431762122,0.7949342773511408,0.48795522127050805,0.9716717042492998
6,8flq_N_idx8,QVQLQESGGGLVQPGGSLRLSCAASGFTFSNYKMNWVRQAPGKGLEWVSDISQSGASISYTGSVKGRFTISRDNAKNTLYLQMNSLKPEDTAVYYCARCPAPFTRDCFDVTSTTYAYRGQGTQVTVSS,QVQLQES-GGGLVQPGGSLRLSCAASG-FTFSN-----YKMNWVRQAPGKGLEWVSDISQS---GASISYTGSVKGRFTISRDNAKNTLYLQMNSLKPEDTAVYYCARCPAPFTRDC-----------FDVTSTTYAYRGQGTQVTVSS,0.8198218513021885,0.8512557965107496,0.4530507703819414,0.24496792620662433,0.9913362910279817
7,7yit_D_idx10,VQLVESGGGLVRPGGSLRLSCVDSERTSYPMGWFRKEREFVASITWSGIDPTYADSVADRFTTSRDVANNTLYLQMNSLKHEDTAVYYCAARAPVDYDYWGQGTQVTVSS,-VQLVES-GGGLVRPGGSLRLSCVDS--ERTS------YPMGWFRKE----REFVASITWS---GIDPTYADSVADRFTTSRDVANNTLYLQMNSLKHEDTAVYYCAARAPV----------------------DYDYWGQGTQVTVSS,0.6917239257819771,0.2773630046055643,0.6431807826825119,0.5251279617622187,0.7561295747213608
8,7wcn_N_idx11,QVQLQESGGGLVQPGGSLRLSCAASGFTFSNYKMNWVRQAPGKGLEWVSDISQSGASISYTGSVKGRFTISRDNAKNTLYLQMNSLKPEDTAVYYCARCPAPFTRDCFDVTSTTYAYRGQGTQVTVSS,QVQLQES-GGGLVQPGGSLRLSCAASG-FTFSN-----YKMNWVRQAPGKGLEWVSDISQS---GASISYTGSVKGRFTISRDNAKNTLYLQMNSLKPEDTAVYYCARCPAPFTRDC-----------FDVTSTTYAYRGQGTQVTVSS,0.8198218513021885,0.8512557965107496,0.4530507703819414,0.24496792620662433,0.9913362910279817
9,8ont_B_idx12,QWQLVESGGGLVQAGGSLRLSCVGSGRAFSSGAMGWFRQTPGQEREFVAAISWSGGSTVYAESVKGRFTISMDNAKNTVYLRMNSLQPEDTAVYYCAAGTSTFALRRSPEYWGKGTPVTVSS,QWQLVES-GGGLVQAGGSLRLSCVGSG-RAFSS-----GAMGWFRQTPGQEREFVAAISWS---GGSTVYAESVKGRFTISMDNAKNTVYLRMNSLQPEDTAVYYCAAGTSTFA-----------------LRRSPEYWGKGTPVTVSS,0.8032736329891691,0.6058240160723286,0.8663615571894228,0.44812993015465963,0.8757350430979508
10,7uia_B_idx13,LQLVETGGGLVKPGGSLRLSCVVSGFTFDDYRMAWVRQAPGKELEWVSSIDSWSINTYYEDSVKGRFTISTDNAKNTLYLQMSSLKPEDTAVYYCAAEDRLGVPTINAHPSKYDYNYWGQGTQVTVSS,-LQLVET-GGGLVKPGGSLRLSCVVSG-FTFDD-----YRMAWVRQAPGKELEWVSSIDSW---SINTYYEDSVKGRFTISTDNAKNTLYLQMSSLKPEDTAVYYCAAEDRLGVPTIN----------AHPSKYDYNYWGQGTQVTVSS,0.7507970927803425,0.8393898485187916,0.5884332143725637,0.3137852997329752,0.8662215869391143
11,7uia_E_idx14,QLQLVETGGGLVKPGGSLRLSCVVSGFTFDDYRMAWVRQAPGKELEWVSSIDSWSINTYYEDSVKGRFTISTDNAKNTLYLQMSSLKPEDTAVYYCAAEDRLGVPTINAHPSKYDYNYWGQGTQVTVSS,QLQLVET-GGGLVKPGGSLRLSCVVSG-FTFDD-----YRMAWVRQAPGKELEWVSSIDSW---SINTYYEDSVKGRFTISTDNAKNTLYLQMSSLKPEDTAVYYCAAEDRLGVPTIN----------AHPSKYDYNYWGQGTQVTVSS,0.7738023964003921,0.7137472744819253,0.6059621567219242,0.36013777813281045,0.8998012548900758
12,6oyh_H_idx15,DVQLQESGGGLVQTGGSLTLSCATSGRSFSLYAMAWFRQAPGKEREFVAGVSRRGNTAYADAVKGRFTISRDNAANTVYLQMTSLKPEDTAVYFCAAFRVAVTTYTSQQANEYNYWGQGTQVTVSS,DVQLQES-GGGLVQTGGSLTLSCATSG-RSFSL-----YAMAWFRQAPGKEREFVAGVSR----RGNTAYADAVKGRFTISRDNAANTVYLQMTSLKPEDTAVYFCAAFRVAVTTYT------------SQQANEYNYWGQGTQVTVSS,0.8478999833146725,0.8761051441082155,0.6231036163862911,0.3475709187162097,0.9774583287908226
13,8f8v_A_idx17,QVQLQESGGGLVQAGGSLRLSCAASPGISRYKTMGWYRQAPGKERSFVAAITWGGLTYYADSVKGRFTVSRDNAKNTVYLQMNSLKPEDTAVYYCSVDGGTRADPYHYYWGQGTQVTVSS,QVQLQES-GGGLVQAGGSLRLSCAASP-GISRY-----KTMGWYRQAPGKERSFVAAITW----GGLTYYADSVKGRFTVSRDNAKNTVYLQMNSLKPEDTAVYYCSVDGGTRA------------------DPYHYYWGQGTQVTVSS,0.8444866789016191,0.43276049667552385,0.825703171064341,0.4034413911551238,0.9597562176025762
14,7yag_C_idx18,QVQLQESGGGLVQAGGSLRLSCAASGSIFGADWMGWYRQAPGKEREFVAGIGHGASTYYADSVKGRFTISRDNAKNTVYLQMNSLKPEDTAVYYCAVQYTQYRSYDSLLYWGQGTQVTVSS,QVQLQES-GGGLVQAGGSLRLSCAASG-SIFGA-----DWMGWYRQAPGKEREFVAGIGH----GASTYYADSVKGRFTISRDNAKNTVYLQMNSLKPEDTAVYYCAVQYTQYR-----------------SYDSLLYWGQGTQVTVSS,0.8103570679234328,0.6195120474583516,0.5380662286254114,0.17249277899907078,0.9636742768691242
15,8bzy_B_idx19,VQLVESGGGLVQAGGSLRLSCAASGFPVAWNEMRWYRQAPGKEREWVAAIASIGVTTYYADSVKGRFTISRDNAKNTVYLQMNSLKPEDTAVYYCNVKDYGMAFWYYDYWGQGTQVTVSA,-VQLVES-GGGLVQAGGSLRLSCAASG-FPVAW-----NEMRWYRQAPGKEREWVAAIASI---GVTTYYADSVKGRFTISRDNAKNTVYLQMNSLKPEDTAVYYCNVKDYGMA------------------FWYYDYWGQGTQVTVSA,0.7933070647773474,0.21255035943885703,0.5798312521489781,0.36220887727193296,0.9512407712608464
16,8eqb_A_idx20,VQLQESGGGLVQAGGSLRLSCAASGTISPRGVMGWYRQAPGKEREFVAAINYGGTTYYADSVKGRFTISRDNAKNTVYLQMNSLKPEDTAVYYCAVYYYINSQRKVLLYWGQGTQVTVSS,-VQLQES-GGGLVQAGGSLRLSCAASG-TISPR-----GVMGWYRQAPGKEREFVAAINY----GGTTYYADSVKGRFTISRDNAKNTVYLQMNSLKPEDTAVYYCAVYYYINS-----------------QRKVLLYWGQGTQVTVSS,0.7979622381265163,0.3410099055317263,0.8215041542156498,0.2248823688073086,0.9425243733062149
17,8c3l_B_idx22,QVQLVESGGGLVQSGGSLRLSCAASGSIFRTTGMNWYRQTPEKQREWVALITSHGTTSYAASVEGRFTISRDSAGTTVYLQMNSLKPEDAGVYYCTTRGYWGQGTQVTVSS,QVQLVES-GGGLVQSGGSLRLSCAASG-SIFRT-----TGMNWYRQTPEKQREWVALITS----HGTTSYAASVEGRFTISRDSAGTTVYLQMNSLKPEDAGVYYCTTR---------------------------GYWGQGTQVTVSS,0.825984641937837,0.44082313751840807,0.7926543187745174,0.6482644447321921,0.8817339471280218
18,8emz_B_idx23,QVQLQESGGGLVQAGGSLRLSCAASGRFFSSYAMGWFRQAPGKEREFVAAISWSGGSTYYADSVKGRFTTSRDNAKNTVYLLMNSLKPEDTAVYYCAAAREGAYYPDSYYRTVRYDYWGQGTQVTVSS,QVQLQES-GGGLVQAGGSLRLSCAASG-RFFSS-----YAMGWFRQAPGKEREFVAAISWS---GGSTYYADSVKGRFTTSRDNAKNTVYLLMNSLKPEDTAVYYCAAAREGAYYPD-----------SYYRTVRYDYWGQGTQVTVSS,0.9054234392685061,0.7951487990562411,0.9996891231372175,0.6049634455149733,0.9761656964617251
19,8en0_D_idx24,QVQLQESGGGLVQAGGSLRLSCAASGRTFSSYRMGWYRQAPGKEREFVAAITGSGDSTNYADSVKGRFTVSGNSARNLVYLQMNSLKPEDTAVYLCVAYRTGGPPQWGQGTQVTVSS,QVQLQES-GGGLVQAGGSLRLSCAASG-RTFSS-----YRMGWYRQAPGKEREFVAAITGS---GDSTNYADSVKGRFTVSGNSARNLVYLQMNSLKPEDTAVYLCVAYRTG----------------------GPPQWGQGTQVTVSS,0.8645252046392535,0.8112751201515659,0.919693809947725,0.40487607407099413,0.9118803329033348
20,8en2_C_idx25,QVQLQESGGGLVQAGGSLRLSCAASGLTFSTNGMGWFRQAPGKEREFVFGVNWNGGNSYVADSVKGRFTISRDNAKNTVYLQMNSLKLEDTAVYYCAAKMGRRLAVSRTLEEYDFRGQGTQVTVSS,QVQLQES-GGGLVQAGGSLRLSCAASG-LTFST-----NGMGWFRQAPGKEREFVFGVNWN---GGNSYVADSVKGRFTISRDNAKNTVYLQMNSLKLEDTAVYYCAAKMGRRLAV-------------SRTLEEYDFRGQGTQVTVSS,0.8538595149607227,0.9039039635885255,0.8081763180367612,0.448078131277738,0.9373089619030744
21,8en3_C_idx26,QVQLQESGGGLVQAGGSLRLSCTVSGRTDSESTMGWFRQAAGKGREFVAAMNWRYATTYHTDSVKGRFTISKDSAKNTMYLQMNSLKPEDTAVYYCAHRYIYGSLSDSGSYDNWGQGTQVTVSS,QVQLQES-GGGLVQAGGSLRLSCTVSG-RTDSE-----STMGWFRQAAGKGREFVAAMNWR---YATTYHTDSVKGRFTISKDSAKNTMYLQMNSLKPEDTAVYYCAHRYIYGSL---------------SDSGSYDNWGQGTQVTVSS,0.8084048439046702,0.7695574561706201,0.39573295102263206,0.3344538087243325,0.947720112231118
22,8en3_D_idx27,QVQLQESGGGLVQAGGSLRLSCTVSGRTDSESTMGWFRQAAGKGREFVAAMNWRYATTYHTDSVKGRFTISKDSAKNTMYLQMNSLKPEDTAVYYCAHRYIYGSLSDSGSYDNWGQGTQVTVSS,QVQLQES-GGGLVQAGGSLRLSCTVSG-RTDSE-----STMGWFRQAAGKGREFVAAMNWR---YATTYHTDSVKGRFTISKDSAKNTMYLQMNSLKPEDTAVYYCAHRYIYGSL---------------SDSGSYDNWGQGTQVTVSS,0.8084048439046702,0.7695574561706201,0.39573295102263206,0.3344538087243325,0.947720112231118
23,7ph4_C_idx29,QMQLVESGGGLVQAGGSLRLSCAVSGSIFSIITLAWYRQAPGKPRENVATITRGSRTSYADSVKGRFCISKDNAKSTVYLQMNKLKPEDTADYYCNAEGPAGYWGQGTPVTVSS,QMQLVES-GGGLVQAGGSLRLSCAVSG-SIFSI-----ITLAWYRQAPGKPRENVATITR----GSRTSYADSVKGRFCISKDNAKSTVYLQMNKLKPEDTADYYCNAEGP------------------------AGYWGQGTPVTVSS,0.8081899116930014,0.6429500900240348,0.7092523894205207,0.6941331988363777,0.8463089827481209
24,8bev_B_idx30,QVQLVESGGGLVQPGESLRLSCAASGSIFGIYAVHWFRMAPGKEREFTAGFGGSTNYAASVKGRFTMSRDNAKNTTYLQMNSLKPADTAVYYCHALIKNELGFLDYWGPGTQVTVSS,QVQLVES-GGGLVQPGESLRLSCAASG-SIFGI-----YAVHWFRMAPGKEREFTAGFG------GSTNYAASVKGRFTMSRDNAKNTTYLQMNSLKPADTAVYYCHALIKNE-------------------LGFLDYWGPGTQVTVSS,0.7783951690440334,0.5883420047205492,0.5894120631346844,0.34416971275267594,0.8752036148648427
25,7yzw_A_idx31,QVQLVESGGGLVQPGGSLRLSCAASGFTFDAYGMGWFRQDPGKEREFVAALIWSGSSTAYADSVKGRFTISRDNAKNTLYLQMNNPKPEDTAVYYCARHRTAGFSRRDYEYDYWGQGTQVTVSS,QVQLVES-GGGLVQPGGSLRLSCAASG-FTFDA-----YGMGWFRQDPGKEREFVAALIWS---GSSTAYADSVKGRFTISRDNAKNTLYLQMNNPKPEDTAVYYCARHRTAGFS---------------RRDYEYDYWGQGTQVTVSS,0.8565807462038999,0.9475088367504804,0.7592218401355926,0.4684450258575448,0.9286748457739007
26,7yzw_D_idx32,QVQLVESGGGLVQPGGSLRLSCAASGFTFDAYGMGWFRQDPGKEREFVAALIWSGSSTAYADSVKGRFTISRDNAKNTLYLQMNNPKPEDTAVYYCARHRTAGFSRRDYEYDYWGQGTQVTVSS,QVQLVES-GGGLVQPGGSLRLSCAASG-FTFDA-----YGMGWFRQDPGKEREFVAALIWS---GSSTAYADSVKGRFTISRDNAKNTLYLQMNNPKPEDTAVYYCARHRTAGFS---------------RRDYEYDYWGQGTQVTVSS,0.8565807462038999,0.9475088367504804,0.7592218401355926,0.4684450258575448,0.9286748457739007
27,8c8p_H_idx33,EVQLVETGGGLIQPGGSLRLSCAVSGFTVSLNYMSWVRQAPGKGLEWVSSIYSGGSTFYADSVKGRFTISRDNSKNTLYLQMNSLRAEDTAVYYCARGLGFGELPPFDFWGQGTLVTVSS,EVQLVET-GGGLIQPGGSLRLSCAVSG-FTVSL-----NYMSWVRQAPGKGLEWVSSIYS----GGSTFYADSVKGRFTISRDNSKNTLYLQMNSLRAEDTAVYYCARGLGFGE------------------LPPFDFWGQGTLVTVSS,0.7786376067293047,0.4930475779042758,0.6852258665638298,0.2871072166337253,0.8946219494327426
28,8a67_D_idx34,VQLQESGGGLVQAGGSLRLSCAASGSIFDLGVMGWYRQAPGKEREQVAGIDYGGVTNYADSVKGRFTISRDNDTVYLQMNSLKPEDTAVYYCAAGIVGDEVGWIYYLYWGQGTQVTVSS,-VQLQES-GGGLVQAGGSLRLSCAASG-SIFDL-----GVMGWYRQAPGKEREQVAGIDY----GGVTNYADSVKGRFTISRDN--DTVYLQMNSLKPEDTAVYYCAAGIVGDEV----------------GWIYYLYWGQGTQVTVSS,0.7962492254024783,0.5846172516425039,0.7274310594937866,0.3683050718842239,0.9051003153504108
29,7xke_N_idx35,QVQLQESGGGLVQPGGSLRLSCAASGFTFSNYKMNWVRQAPGKGLEWVSDISQSGASISYTGSVKGRFTISRDNAKNTLYLQMNSLKPEDTAVYYCARCPAPFTRDCFDVTSTTYAYRGQGTQVTVSS,QVQLQES-GGGLVQPGGSLRLSCAASG-FTFSN-----YKMNWVRQAPGKGLEWVSDISQS---GASISYTGSVKGRFTISRDNAKNTLYLQMNSLKPEDTAVYYCARCPAPFTRDC-----------FDVTSTTYAYRGQGTQVTVSS,0.8198218513021885,0.8512557965107496,0.4530507703819414,0.24496792620662433,0.9913362910279817
30,8dqu_A_idx36,QVQLQESGGGLVQPGGSLRLSCAASGLAFSMYTMGWFRQAPGKEREFVAMIISSGDSTDYADSVKGRFTISRDNGKNTVYLQMDSLKPEDTAVYYCAAPKFRYYFSTSPGDFDSWGQGTQVTVSS,QVQLQES-GGGLVQPGGSLRLSCAASG-LAFSM-----YTMGWFRQAPGKEREFVAMIISS---GDSTDYADSVKGRFTISRDNGKNTVYLQMDSLKPEDTAVYYCAAPKFRYYFS--------------TSPGDFDSWGQGTQVTVSS,0.8711585577222853,0.8223807116289464,0.6331096611778668,0.39155847282664047,0.9979429068534816
31,8dqu_B_idx37,QVQLQESGGGLVQPGGSLRLSCAASGLAFSMYTMGWFRQAPGKEREFVAMIISSGDSTDYADSVKGRFTISRDNGKNTVYLQMDSLKPEDTAVYYCAAPKFRYYFSTSPGDFDSWGQGTQVTVSS,QVQLQES-GGGLVQPGGSLRLSCAASG-LAFSM-----YTMGWFRQAPGKEREFVAMIISS---GDSTDYADSVKGRFTISRDNGKNTVYLQMDSLKPEDTAVYYCAAPKFRYYFS--------------TSPGDFDSWGQGTQVTVSS,0.8711585577222853,0.8223807116289464,0.6331096611778668,0.39155847282664047,0.9979429068534816
32,8h3x_A_idx38,QVQLQESGGGLVQPGGSLRLSCAASGFTFSRYTMTWVRQAPGKGLEWVSNINSDGGRTYYADSVKGRFTISRDNTKNTLYLQMNSLKPEDTAVYYCAIPKRTYVPPSQFDDRGQGTQVTVSS,QVQLQES-GGGLVQPGGSLRLSCAASG-FTFSR-----YTMTWVRQAPGKGLEWVSNINSD---GGRTYYADSVKGRFTISRDNTKNTLYLQMNSLKPEDTAVYYCAIPKRTYV-----------------PPSQFDDRGQGTQVTVSS,0.8618960369850063,0.8855370139872033,0.6906622942854305,0.2753094089801842,0.9736141581893218
33,8h3y_D_idx39,QVQLQESGGGLVQAGGSLRLSCTYSGQTFSAWAMGWFRQAPGKERETVATINWNGERTQYADAVKGRFTISRDNAKDTVYLEMNSLKPEDTAVYYCASMMGTYYSGSPKNWGQGTQVTVSS,QVQLQES-GGGLVQAGGSLRLSCTYSG-QTFSA-----WAMGWFRQAPGKERETVATINWN---GERTQYADAVKGRFTISRDNAKDTVYLEMNSLKPEDTAVYYCASMMGTYY------------------SGSPKNWGQGTQVTVSS,0.8210084645084821,0.6319909096789719,0.4971377893788157,0.4178529539640584,0.9400895667454267
34,8h3y_F_idx40,VQLQESGGGLVQAGGSLRLSCTYSGQTFSAWAMGWFRQAPGKERETVATINWNGERTQYADAVKGRFTISRDNAKDTVYLEMNSLKPEDTAVYYCASMMGTYYSGSPKNWGQGTQVTVSS,-VQLQES-GGGLVQAGGSLRLSCTYSG-QTFSA-----WAMGWFRQAPGKERETVATINWN---GERTQYADAVKGRFTISRDNAKDTVYLEMNSLKPEDTAVYYCASMMGTYY------------------SGSPKNWGQGTQVTVSS,0.7912500000393613,0.656949159952643,0.5068672924188362,0.4420419264310066,0.8924683725831519
35,7wn0_B_idx41,QLQLVESGGGLVQAGGSLRLSCAASGSTSNINVMGWYRQAPGKQRELVATISSGDALNYANSVEGRFTISRDAAKNTVYLQMNSLKPEDSAVYICNAYVVSSYGYRASWNDYWGQGTQVTVSS,QLQLVES-GGGLVQAGGSLRLSCAASG-STSNI-----NVMGWYRQAPGKQRELVATISS----GDALNYANSVEGRFTISRDAAKNTVYLQMNSLKPEDSAVYICNAYVVSSYG---------------YRASWNDYWGQGTQVTVSS,0.8076515180027222,0.7708250887512577,0.6000199036383427,0.4597342009435771,0.897121727248907
36,7wn1_C_idx42,QVQLVESGGGLVQPGGSLRLSCAASGFTGSINYMGWYRQAPGKQRELVARFSSGGSTNYADSVKGRFTISGDNAKNTVYLQMNSLKPEDTAVYYCNAETISYVYTVVFQDYWGQGTQVTVSS,QVQLVES-GGGLVQPGGSLRLSCAASG-FTGSI-----NYMGWYRQAPGKQRELVARFSS----GGSTNYADSVKGRFTISGDNAKNTVYLQMNSLKPEDTAVYYCNAETISYVY----------------TVVFQDYWGQGTQVTVSS,0.8722704356405053,0.5868833827001909,0.7688815435666884,0.4092739247805688,0.9956165499370397
37,8bpk_B_idx45,QVQLVESGGGSVQAGGSLRLSCAASGDRYCMAWFRQAPGKEREGVAFISTANGRTDYVDSVKGRFTISQNSAKNTVYLQMNSLKPEDTAMYYCASRGYGYLSCSSYNYWGQGTQVTVSS,QVQLVES-GGGSVQAGGSLRLSCAAS--GDRY-------CMAWFRQAPGKEREGVAFISTA---NGRTDYVDSVKGRFTISQNSAKNTVYLQMNSLKPEDTAMYYCASRGYGYL-----------------SCSSYNYWGQGTQVTVSS,0.8843683163099013,0.5123861571960235,0.8213968425505163,0.45243331910384577,0.9910329199445435
38,8e0e_B_idx46,QVQLQESGGGLVQAGGSLRLSCVASGRTFSSYAMGWFRQAPGKEREFVAAIDWSGGTASHADSVKGRFTISRDNAKNTVYLQMNSLKPEDTAVYYCAASSYWSRSVDEYDYWGQGTQVTVSS,QVQLQES-GGGLVQAGGSLRLSCVASG-RTFSS-----YAMGWFRQAPGKEREFVAAIDWS---GGTASHADSVKGRFTISRDNAKNTVYLQMNSLKPEDTAVYYCAASSYWSR-----------------SVDEYDYWGQGTQVTVSS,0.9411778186821632,0.9986644485491004,0.8593841408586241,0.6975222819174344,0.9829838871648653
39,8gni_C_idx47,AVQLVESGGGLVQPGGSLRLSCAASVSISRIYVMAWYRQAPGKQREVVAVIRYDGTTNYPDSVKGRFTISRDNAKNTVYLQMNSLKPEDTAVYYCNANVETWGQGTQVTVSS,AVQLVES-GGGLVQPGGSLRLSCAASV-SISRI-----YVMAWYRQAPGKQREVVAVIRY----DGTTNYPDSVKGRFTISRDNAKNTVYLQMNSLKPEDTAVYYCNANV--------------------------ETWGQGTQVTVSS,0.8819788921641529,0.9594371867730879,0.7547268083969039,0.07663649097572389,0.9329182784627051
40,7x4i_E_idx48,QVQLVESGGGLVQPGGSLRLSCAASGFTSDHYALAWFRQAPGKEREGVSCIDSDGNPFYADSVKGRFTGSRDNAKNTVYLQMNSLKLEDTAVYYCAAGLWYGRSLNSFDYDYWGQGTQVTVSS,QVQLVES-GGGLVQPGGSLRLSCAASG-FTSDH-----YALAWFRQAPGKEREGVSCIDS----DGNPFYADSVKGRFTGSRDNAKNTVYLQMNSLKLEDTAVYYCAAGLWYGRS---------------LNSFDYDYWGQGTQVTVSS,0.8767598479560317,0.8237557950620733,0.7238332260017131,0.5139365001391433,0.9651790768310954
41,7x4i_H_idx49,QVQLVESGGGLVQPGGSLRLSCAASGFTSDHYALAWFRQAPGKEREGVSCIDSDGNPFYADSVKGRFTGSRDNAKNTVYLQMNSLKLEDTAVYYCAAGLWYGRSLNSFDYDYWGQGTQVTVSS,QVQLVES-GGGLVQPGGSLRLSCAASG-FTSDH-----YALAWFRQAPGKEREGVSCIDS----DGNPFYADSVKGRFTGSRDNAKNTVYLQMNSLKLEDTAVYYCAAGLWYGRS---------------LNSFDYDYWGQGTQVTVSS,0.8767598479560317,0.8237557950620733,0.7238332260017131,0.5139365001391433,0.9651790768310954
42,7ust_B_idx50,QVQLQESGGGLVQPGGSLRLSCAASGFTLDRYAIGWFRQAPGKEREGVSCISSSTYYADSVKGRFTISRDNAKNTVYLQMNSLKPEDTAVYYCARDHGPCTVLADILYDYGMDYWGKGTQVTVSS,QVQLQES-GGGLVQPGGSLRLSCAASG-FTLDR-----YAIGWFRQAPGKEREGVSCIS------SSTYYADSVKGRFTISRDNAKNTVYLQMNSLKPEDTAVYYCARDHGPCTVLA-----------DILYDYGMDYWGKGTQVTVSS,0.8760862573284248,0.8851575613347105,0.6838465527869095,0.4023800136104998,0.9995941983896136
43,7usv_D_idx51,QVQLQESGGGLVQAGGSLRLSCAASGRTFSDYFMGWFRQAPGKEREFVAAVSWSGGSTYYADSVKGRFTISRDNAKNTVFLQMNSLKPEDTAVYYCAGGGSYYPMSPYDGMDYWGKGTQVTVSS,QVQLQES-GGGLVQAGGSLRLSCAASG-RTFSD-----YFMGWFRQAPGKEREFVAAVSWS---GGSTYYADSVKGRFTISRDNAKNTVFLQMNSLKPEDTAVYYCAGGGSYYPM---------------SPYDGMDYWGKGTQVTVSS,0.9295954699543989,0.8750974575939757,0.9989573716663779,0.5538499470273281,0.9969340464001919
44,8b7w_H_idx52,QVQLVQSGGGLVQAGGSLRLSCAASGGTFATSPMGWLRQAPGKGTEFVAAISPSGGDRIYADSVKGRFTISRDNAGNFIYLQMNSLKPEDTAVYYCAVRRRFDGTSYYTGDYDSWGQGTLVTVSS,QVQLVQS-GGGLVQAGGSLRLSCAASG-GTFAT-----SPMGWLRQAPGKGTEFVAAISPS---GGDRIYADSVKGRFTISRDNAGNFIYLQMNSLKPEDTAVYYCAVRRRFDGTS--------------YYTGDYDSWGQGTLVTVSS,0.7943071645018036,0.6013372241528506,0.6118501631136584,0.6629993214216926,0.8627017318758825
45,7wcm_N_idx53,QVQLQESGGGLVQPGGSLRLSCAASGFTFSNYKMNWVRQAPGKGLEWVSDISQSGASISYTGSVKGRFTISRDNAKNTLYLQMNSLKPEDTAVYYCARCPAPFTRDCFDVTSTTYAYRGQGTQVTVSS,QVQLQES-GGGLVQPGGSLRLSCAASG-FTFSN-----YKMNWVRQAPGKGLEWVSDISQS---GASISYTGSVKGRFTISRDNAKNTLYLQMNSLKPEDTAVYYCARCPAPFTRDC-----------FDVTSTTYAYRGQGTQVTVSS,0.8198218513021885,0.8512557965107496,0.4530507703819414,0.24496792620662433,0.9913362910279817
46,7utg_A_idx54,VQLVESGGGLVQAGGSLRLSCAASGSIFVNNAMGWYRQAPGKERELVAAISASGGSTYYADSVKGRFTISRDNAKNTVYLQMNSLKPEDTAVYYCAADQDGYPYEYWGQGTQVTVSS,-VQLVES-GGGLVQAGGSLRLSCAASG-SIFVN-----NAMGWYRQAPGKERELVAAISAS---GGSTYYADSVKGRFTISRDNAKNTVYLQMNSLKPEDTAVYYCAADQDG---------------------YPYEYWGQGTQVTVSS,0.9096942827739302,0.6637977066873793,0.7909600083582394,0.7030669182571481,0.9757622725715643
47,7wd1_C_idx55,QVQLQESGGGLVQPGGSLRLSCAVSGFTLDYYAIGWFRQAPGKEREGVSCISSSDGSTSYADSVKGRFTISRDNAKNTVYLQMNSLKPEDTALYYCAATPATYYSGRYYYQCPAGGMDYWGQGTQVTVSS,QVQLQES-GGGLVQPGGSLRLSCAVSG-FTLDY-----YAIGWFRQAPGKEREGVSCISSS---DGSTSYADSVKGRFTISRDNAKNTVYLQMNSLKPEDTALYYCAATPATYYSGRY---------YYQCPAGGMDYWGQGTQVTVSS,0.901933050849947,0.9991787909492422,0.9981301894906651,0.5201189009785423,0.9764137421461567
48,7wd2_C_idx56,QVQLQESGGGLVQPGGSLRLTCAPSGFTLDYYAIGWFRQAPGKEREGVSCISSNNSTYYADSVKGRFTISRDNAKNTVYLQMNSLKPEDTAVYYCAAEPDYSGVYYYTCGWTDFGSWGQGTQVTVSS,QVQLQES-GGGLVQPGGSLRLTCAPSG-FTLDY-----YAIGWFRQAPGKEREGVSCISS----NNSTYYADSVKGRFTISRDNAKNTVYLQMNSLKPEDTAVYYCAAEPDYSGVYY-----------YTCGWTDFGSWGQGTQVTVSS,0.8703916710845332,0.9992278851244674,0.7401540235675597,0.46602393340418347,0.9620993445493291
49,7wd2_D_idx57,VQLQESGGGLVQPGGSLRLTCAPSGFTLDYYAIGWFRQAPGKEREGVSCISSNNSTYYADSVKGRFTISRDNAKNTVYLQMNSLKPEDTAVYYCAAEPDYSGVYYYTCGWTDFGSWGQGTQVTVSS,-VQLQES-GGGLVQPGGSLRLTCAPSG-FTLDY-----YAIGWFRQAPGKEREGVSCISS----NNSTYYADSVKGRFTISRDNAKNTVYLQMNSLKPEDTAVYYCAAEPDYSGVYY-----------YTCGWTDFGSWGQGTQVTVSS,0.845805762433657,0.9995114008869018,0.6258678883299944,0.4643481612962629,0.9397269212821329
50,7x2j_B_idx58,QVQLVESGGGLVQAGGSLRLSCVASGRTFSRYAMGWFRQAPGKEREFVAVIEWDGGTSYYVDSVKGRFTISRDNAKNTVYLQMNSLKPEDTAVYYCAAGGNQYYSATYSIWNEYDFWGQGTQVTVSS,QVQLVES-GGGLVQAGGSLRLSCVASG-RTFSR-----YAMGWFRQAPGKEREFVAVIEWD---GGTSYYVDSVKGRFTISRDNAKNTVYLQMNSLKPEDTAVYYCAAGGNQYYSAT------------YSIWNEYDFWGQGTQVTVSS,0.8786233565377151,0.9985558272427095,0.6790872482993573,0.37358379488349835,0.9984458260821025
51,8dam_C_idx60,QVQLQESGGGSVQAGGSLRLSCAASGRTFSKNAMGWFRQAPGKEREFVVAISWSGRNTYYADSVKGRFTISRDNAKNTVDLQMNSLKPEDSAVYYCAVGGDWRVYDISFYYTAHQYEYWGQGTQVTVSS,QVQLQES-GGGSVQAGGSLRLSCAASG-RTFSK-----NAMGWFRQAPGKEREFVVAISWS---GRNTYYADSVKGRFTISRDNAKNTVDLQMNSLKPEDSAVYYCAVGGDWRVYDIS----------FYYTAHQYEYWGQGTQVTVSS,0.8170265105789063,0.8725551660882201,0.8294444603449083,0.29969803970293596,0.9345567650746274
52,8gz3_N_idx61,QVQLVESGGGWVQPGGSLRLSCAASGFTFSDTAMMWVRQAPGKGREWVAAIDTGGGYTYYADSVKGRFTISRDNAKNTLYLQMNSLKPEDTARYYCAKTYSGNYYSNYTVANYGTTGRGTLVTVSS,QVQLVES-GGGWVQPGGSLRLSCAASG-FTFSD-----TAMMWVRQAPGKGREWVAAIDTG---GGYTYYADSVKGRFTISRDNAKNTLYLQMNSLKPEDTARYYCAKTYSGNYYS-------------NYTVANYGTTGRGTLVTVSS,0.7751167546288971,0.6938053195162552,0.7712734343043589,0.37389384423334493,0.8678344046004433
53,7x2m_B_idx62,QVQLQESGGGLVQPGGSLRLSCAASGDTLDLYAIGWFRQTPGEEREGVSCISPSGSRTNYADSVKGRFTISRDNAKNTVYLQMNGLRPEDTAVYFCAGSRPSAHYCSHYPTEYDDWGQGTQVTVSS,QVQLQES-GGGLVQPGGSLRLSCAASG-DTLDL-----YAIGWFRQTPGEEREGVSCISPS---GSRTNYADSVKGRFTISRDNAKNTVYLQMNGLRPEDTAVYFCAGSRPSAHYC-------------SHYPTEYDDWGQGTQVTVSS,0.8371684445819632,0.6913156242294888,0.6849209345239784,0.4985676529333315,0.9412020757948536
54,8b41_G_idx63,QVQLVESGGGLVQAGGSLRLSCAASGFPVGRHFMYWYRQAPGKEREWVAAIYSYGEYTEYADSVKGRFTISRDNAKNTVYLQMNSLKPEDTAVYYCYVYVGNEYWGQGTQVTVSS,QVQLVES-GGGLVQAGGSLRLSCAASG-FPVGR-----HFMYWYRQAPGKEREWVAAIYSY---GEYTEYADSVKGRFTISRDNAKNTVYLQMNSLKPEDTAVYYCYVYVG------------------------NEYWGQGTQVTVSS,0.8418117053365725,0.34647274735183897,0.4844099894788827,0.3798329306878513,0.9772459355449346
55,7t83_A_idx64,EVQLVESGGGLVQPGGSLRLSCAASGYIYRRYRMGWYRQAPGKGREFVAAISGGSSTNYADSVKGRFTISRDNSKNTVYLQMNSLRAEDTAVYYCAAYRIVSDPRVYWGQGTQVTVSS,EVQLVES-GGGLVQPGGSLRLSCAASG-YIYRR-----YRMGWYRQAPGKGREFVAAISG----GSSTNYADSVKGRFTISRDNSKNTVYLQMNSLRAEDTAVYYCAAYRIVS--------------------DPRVYWGQGTQVTVSS,0.84092618501546,0.288735506537925,0.9596987325659495,0.34796108894198585,0.9549779308362001
56,7t83_B_idx65,EVQLVESGGGLVQPGGSLRLSCAASGYIYRRYRMGWYRQAPGKGREFVAAISGGSSTNYADSVKGRFTISRDNSKNTVYLQMNSLRAEDTAVYYCAAYRIVSDPRVYWGQGTQVTVSS,EVQLVES-GGGLVQPGGSLRLSCAASG-YIYRR-----YRMGWYRQAPGKGREFVAAISG----GSSTNYADSVKGRFTISRDNSKNTVYLQMNSLRAEDTAVYYCAAYRIVS--------------------DPRVYWGQGTQVTVSS,0.84092618501546,0.288735506537925,0.9596987325659495,0.34796108894198585,0.9549779308362001
57,7t83_C_idx66,VQLVESGGGLVQPGGSLRLSCAASGYIYRRYRMGWYRQAPGKGREFVAAISGGSSTNYADSVKGRFTISRDNSKNTVYLQMNSLRAEDTAVYYCAAYRIVSDPRVYWGQGTQVTVSS,-VQLVES-GGGLVQPGGSLRLSCAASG-YIYRR-----YRMGWYRQAPGKGREFVAAISG----GSSTNYADSVKGRFTISRDNSKNTVYLQMNSLRAEDTAVYYCAAYRIVS--------------------DPRVYWGQGTQVTVSS,0.8280555624779017,0.2900043406047239,0.9713316205488353,0.41439087699272237,0.9289278655246692
58,7t83_D_idx67,EVQLVESGGGLVQPGGSLRLSCAASGYIYRRYRMGWYRQAPGKGREFVAAISGGSSTNYADSVKGRFTISRDNSKNTVYLQMNSLRAEDTAVYYCAAYRIVSDPRVYWGQGTQVTVSS,EVQLVES-GGGLVQPGGSLRLSCAASG-YIYRR-----YRMGWYRQAPGKGREFVAAISG----GSSTNYADSVKGRFTISRDNSKNTVYLQMNSLRAEDTAVYYCAAYRIVS--------------------DPRVYWGQGTQVTVSS,0.84092618501546,0.288735506537925,0.9596987325659495,0.34796108894198585,0.9549779308362001
59,7t83_E_idx68,VQLVESGGGLVQPGGSLRLSCAASGYIYRRYRMGWYRQAPGKGREFVAAISGGSSTNYADSVKGRFTISRDNSKNTVYLQMNSLRAEDTAVYYCAAYRIVSDPRVYWGQGTQVTVSS,-VQLVES-GGGLVQPGGSLRLSCAASG-YIYRR-----YRMGWYRQAPGKGREFVAAISG----GSSTNYADSVKGRFTISRDNSKNTVYLQMNSLRAEDTAVYYCAAYRIVS--------------------DPRVYWGQGTQVTVSS,0.8280555624779017,0.2900043406047239,0.9713316205488353,0.41439087699272237,0.9289278655246692
60,7t83_G_idx69,EVQLVESGGGLVQPGGSLRLSCAASGYIYRRYRMGWYRQAPGKGREFVAAISGGSSTNYADSVKGRFTISRDNSKNTVYLQMNSLRAEDTAVYYCAAYRIVSDPRVYWGQGTQVTVSS,EVQLVES-GGGLVQPGGSLRLSCAASG-YIYRR-----YRMGWYRQAPGKGREFVAAISG----GSSTNYADSVKGRFTISRDNSKNTVYLQMNSLRAEDTAVYYCAAYRIVS--------------------DPRVYWGQGTQVTVSS,0.84092618501546,0.288735506537925,0.9596987325659495,0.34796108894198585,0.9549779308362001
61,7t83_H_idx70,EVQLVESGGGLVQPGGSLRLSCAASGYIYRRYRMGWYRQAPGKGREFVAAISGGSSTNYADSVKGRFTISRDNSKNTVYLQMNSLRAEDTAVYYCAAYRIVSDPRVYWGQGTQVTVSS,EVQLVES-GGGLVQPGGSLRLSCAASG-YIYRR-----YRMGWYRQAPGKGREFVAAISG----GSSTNYADSVKGRFTISRDNSKNTVYLQMNSLRAEDTAVYYCAAYRIVS--------------------DPRVYWGQGTQVTVSS,0.84092618501546,0.288735506537925,0.9596987325659495,0.34796108894198585,0.9549779308362001
62,7t84_A_idx71,EVQLVESGGGLVQPGGSLRLSCAASDYIYRRYRMGWYRQAPGKGREFVAAISGGSSINYADSVKGRFTISRDNSKNTVYLQMNSLRAEDTAVYYCAAYRIVSDPRVYWGQGTQVTVSS,EVQLVES-GGGLVQPGGSLRLSCAASD-YIYRR-----YRMGWYRQAPGKGREFVAAISG----GSSINYADSVKGRFTISRDNSKNTVYLQMNSLRAEDTAVYYCAAYRIVS--------------------DPRVYWGQGTQVTVSS,0.8300153813827349,0.32380288432598825,0.769252154433347,0.31002365655183095,0.9606013902161495
63,7t84_B_idx72,EVQLVESGGGLVQPGGSLRLSCAASDYIYRRYRMGWYRQAPGKGREFVAAISGGSSINYADSVKGRFTISRDNSKNTVYLQMNSLRAEDTAVYYCAAYRIVSDPRVYWGQGTQVTVSS,EVQLVES-GGGLVQPGGSLRLSCAASD-YIYRR-----YRMGWYRQAPGKGREFVAAISG----GSSINYADSVKGRFTISRDNSKNTVYLQMNSLRAEDTAVYYCAAYRIVS--------------------DPRVYWGQGTQVTVSS,0.8300153813827349,0.32380288432598825,0.769252154433347,0.31002365655183095,0.9606013902161495
64,7t84_E_idx73,VQLVESGGGLVQPGGSLRLSCAASDYIYRRYRMGWYRQAPGKGREFVAAISGGSSINYADSVKGRFTISRDNSKNTVYLQMNSLRAEDTAVYYCAAYRIVSDPRVYWGQGTQVTVSS,-VQLVES-GGGLVQPGGSLRLSCAASD-YIYRR-----YRMGWYRQAPGKGREFVAAISG----GSSINYADSVKGRFTISRDNSKNTVYLQMNSLRAEDTAVYYCAAYRIVS--------------------DPRVYWGQGTQVTVSS,0.8155594166919956,0.3116927248083219,0.7818278308186777,0.3696908873224437,0.9349187952413921
65,7t84_F_idx74,VQLVESGGGLVQPGGSLRLSCAASDYIYRRYRMGWYRQAPGKGREFVAAISGGSSINYADSVKGRFTISRDNSKNTVYLQMNSLRAEDTAVYYCAAYRIVSDPRVYWGQGTQVTVSS,-VQLVES-GGGLVQPGGSLRLSCAASD-YIYRR-----YRMGWYRQAPGKGREFVAAISG----GSSINYADSVKGRFTISRDNSKNTVYLQMNSLRAEDTAVYYCAAYRIVS--------------------DPRVYWGQGTQVTVSS,0.8155594166919956,0.3116927248083219,0.7818278308186777,0.3696908873224437,0.9349187952413921
66,7x2l_B_idx76,QVQLQESGGGLVQPGESLRLSCAASGSISTLNVMGWYRQAPGKQRELVAQITLDGSPEYADSVKGRFTITKDGAQSTLYLQMNNLKPEDTAVYFCKLENGGFFYYWGQGTQVTVST,QVQLQES-GGGLVQPGESLRLSCAASG-SISTL-----NVMGWYRQAPGKQRELVAQITL----DGSPEYADSVKGRFTITKDGAQSTLYLQMNNLKPEDTAVYFCKLENGG----------------------FFYYWGQGTQVTVST,0.8069814968056831,0.7957280900946431,0.4486760563833375,0.46382600673023455,0.8807036957165668
67,8e99_E_idx77,VQLQESGGGLVQAGGSLRLSCAASAAAAAAAAAGWYRQAPGKERAAAAAAAAAAAAAAADSVKGRFTISRDNAKNTVYLQMNSLKPEDTAVYYCAAAAAAAAAAAYWGQGTQVTVSS,-VQLQES-GGGLVQAGGSLRLSCAASA-AAAAA-----AAAGWYRQAPGKERAAAAAAAA----AAAAAAADSVKGRFTISRDNAKNTVYLQMNSLKPEDTAVYYCAAAAAAA--------------------AAAAYWGQGTQVTVSS,0.7036496788457611,0.08922465202183949,-0.027154636012083344,0.3822439643957485,0.8939405713320581
68,8gz5_B_idx78,QVQLQESGGGLVQAGGSLRLSCAASGRTSSVYNMAWFRQTPGKEREFVAAITGNGGTTLYADSVKGRLTISRGNAKNTVSLQMNVLKPDDTAVYYCAAGGWGKERNYAYWGQGTQVTVSS,QVQLQES-GGGLVQAGGSLRLSCAASG-RTSSV-----YNMAWFRQTPGKEREFVAAITGN---GGTTLYADSVKGRLTISRGNAKNTVSLQMNVLKPDDTAVYYCAAGGWGK-------------------ERNYAYWGQGTQVTVSS,0.8756724622423713,0.7682128626297678,0.7065441124512538,0.600774793558354,0.9450377867568567
69,8gz6_A_idx79,VQLQESGGGLVQAGGSLRLSCAASGRTSSVYNMAWFRQTPGKEREFVAAITGNGGTTLYADSVKGRLTISRGNAKNTVSLQMNVLKPDDTAVYYCAAGGWGKERNYAYWGQGTQVTVSS,-VQLQES-GGGLVQAGGSLRLSCAASG-RTSSV-----YNMAWFRQTPGKEREFVAAITGN---GGTTLYADSVKGRLTISRGNAKNTVSLQMNVLKPDDTAVYYCAAGGWGK-------------------ERNYAYWGQGTQVTVSS,0.8518916393977192,0.757750645051125,0.6985456503455512,0.5960799199559503,0.9160075891161202
70,8gz6_B_idx80,QVQLQESGGGLVQAGGSLRLSCAASGRTSSVYNMAWFRQTPGKEREFVAAITGNGGTTLYADSVKGRLTISRGNAKNTVSLQMNVLKPDDTAVYYCAAGGWGKERNYAYWGQGTQVTVSS,QVQLQES-GGGLVQAGGSLRLSCAASG-RTSSV-----YNMAWFRQTPGKEREFVAAITGN---GGTTLYADSVKGRLTISRGNAKNTVSLQMNVLKPDDTAVYYCAAGGWGK-------------------ERNYAYWGQGTQVTVSS,0.8756724622423713,0.7682128626297678,0.7065441124512538,0.600774793558354,0.9450377867568567
71,7sqp_B_idx81,EVKLVESGGGLVQPGGSLRLSCAASGSIFSINTMGWYRQTPGKQRDLVADISSGGSTKYGDSVKGRFTISRDNTKNTVYLQMNSLKPEDTAVYYCYGLSYSNDDYWGQGTQVTVSS,EVKLVES-GGGLVQPGGSLRLSCAASG-SIFSI-----NTMGWYRQTPGKQRDLVADISS----GGSTKYGDSVKGRFTISRDNTKNTVYLQMNSLKPEDTAVYYCYGLSYS----------------------NDDYWGQGTQVTVSS,0.9181314412159196,0.9958948585583492,0.9448370047741326,0.5658367381547351,0.9429152683210884
72,7srk_B_idx82,EVKLVESGGGLVQPGGSLRLSCAASGSIFSINTMGWYRQTPGKQRDLVADISSGGSTKYGDSVKGRFTISRDNTKNTVYLQMNSLKPEDTAVYYCYGLSYSNDDYWGQGTQVTVSS,EVKLVES-GGGLVQPGGSLRLSCAASG-SIFSI-----NTMGWYRQTPGKQRDLVADISS----GGSTKYGDSVKGRFTISRDNTKNTVYLQMNSLKPEDTAVYYCYGLSYS----------------------NDDYWGQGTQVTVSS,0.9181314412159196,0.9958948585583492,0.9448370047741326,0.5658367381547351,0.9429152683210884
73,7sr5_B_idx83,EVKLVESGGGLVQPGGSLRLSCAASGSIFSINTMGWYRQTKQRDLVADISSGGSTKYGDSVKGRFTISRDNTKNTVYLQMNSLKPEDTAVYYCYGLSYSNDDYWGQGTQVTVSS,EVKLVES-GGGLVQPGGSLRLSCAASG-SIFSI-----NTMGWYRQTKQRDL--VADISS----GGSTKYGDSVKGRFTISRDNTKNTVYLQMNSLKPEDTAVYYCYGLSYS----------------------NDDYWGQGTQVTVSS,0.8306778642586773,0.9953729098412378,0.9301790565001402,0.6119190290050533,0.824218189943634
74,7sr5_D_idx84,EVKLVESGGGLVQPGGSLRLSCAASGSIFSINTMGWYRQKQRDLVADISSGGSTKYGDSVKGRFTISRDNTKNTVYLQMNSLKPEDTAVYYCYGLSYSNDDYWGQGTQVTVSS,EVKLVES-GGGLVQPGGSLRLSCAASG-SIFSI-----NTMGWYRQK---QRDLVADISS----GGSTKYGDSVKGRFTISRDNTKNTVYLQMNSLKPEDTAVYYCYGLSYS----------------------NDDYWGQGTQVTVSS,0.844214929558123,0.996262279042252,0.9167378719795768,0.5776280357196397,0.8471217203934864
75,7sr4_D_idx85,EVKLVESGGGLVQPGGSLRLSCAASGSIFSINTMGWYRQQRDLVADISSGGSTKYGDSVKGRFTISRDNTKNTVYLQMNSLKPEDTAVYYCYGLSYSNDDYWGQGTQVTVSS,EVKLVES-GGGLVQPGGSLRLSCAASG-SIFSI-----NTMGWYRQQR----DLVADISS----GGSTKYGDSVKGRFTISRDNTKNTVYLQMNSLKPEDTAVYYCYGLSYS----------------------NDDYWGQGTQVTVSS,0.8055340441951355,0.9946381730620275,0.9113087896741092,0.6010733905627119,0.793824452717
76,7srk_D_idx86,EVKLVESGGGLVQPGGSLRLSCAASGSIFSINTMGWYRQTPGKQRDLVADISSGGSTKYGDSVKGRFTISRDNTKNTVYLQMNSLKPEDTAVYYCYGLSYSNDDYWGQGTQVTVSS,EVKLVES-GGGLVQPGGSLRLSCAASG-SIFSI-----NTMGWYRQTPGKQRDLVADISS----GGSTKYGDSVKGRFTISRDNTKNTVYLQMNSLKPEDTAVYYCYGLSYS----------------------NDDYWGQGTQVTVSS,0.9181314412159196,0.9958948585583492,0.9448370047741326,0.5658367381547351,0.9429152683210884
77,7tjc_A_idx87,VQLVESGGGLVQAGGSLRLSCAASGRSFSTYAMGWFRQAPGKEREFVAAISWSHGITYYADSVKGRFTISRDNAKNTVYLQMNSLKPEDTAVYYCAADSIPYGDSRYRNPGYWGQGTQVTVSS,-VQLVES-GGGLVQAGGSLRLSCAASG-RSFST-----YAMGWFRQAPGKEREFVAAISWS---HGITYYADSVKGRFTISRDNAKNTVYLQMNSLKPEDTAVYYCAADSIPYGD---------------SRYRNPGYWGQGTQVTVSS,0.8843954952558531,0.9860818974507409,0.6900904309487549,0.4508251741458277,0.97588839496187
78,7uny_B_idx88,VQLQESGGGLVQAGGSLRLSCAASGRTFSSYAMGWFRQAPGKEREFVAAISYSGSNTYDADSVKGRFAISRDNAKNTVYLQMNSLKPEDTAVYYCAAAGVYSGTYTDTEFDYWGQGTQVTVSS,-VQLQES-GGGLVQAGGSLRLSCAASG-RTFSS-----YAMGWFRQAPGKEREFVAAISYS---GSNTYDADSVKGRFAISRDNAKNTVYLQMNSLKPEDTAVYYCAAAGVYSGT---------------YTDTEFDYWGQGTQVTVSS,0.8753449037488163,0.9997231786164129,0.7875802832186295,0.5706153287359972,0.9276922789635702
79,7uny_C_idx89,QVQLQESGGGLVQAGGSLRLSCAASGRTFSSYAMGWFRQAPGKEREFVAAISYSGSNTYDADSVKGRFAISRDNAKNTVYLQMNSLKPEDTAVYYCAAAGVYSGTYTDTEFDYWGQGTQVTVSS,QVQLQES-GGGLVQAGGSLRLSCAASG-RTFSS-----YAMGWFRQAPGKEREFVAAISYS---GSNTYDADSVKGRFAISRDNAKNTVYLQMNSLKPEDTAVYYCAAAGVYSGT---------------YTDTEFDYWGQGTQVTVSS,0.9011312104799755,0.9997268271732975,0.7795090278291301,0.5089633872635343,0.9758821808046971
80,7unz_C_idx90,QVQLQESGGGLVQPGGSLRLSCAASGSIFSTNAMGWYRQAPGKQREQVATITSGSSTNYADSVKGRFTISRDNAKNTVYLQMNSLKPEDTAVYYCNAAGATIDLADFGSWGQGTQVTVSS,QVQLQES-GGGLVQPGGSLRLSCAASG-SIFST-----NAMGWYRQAPGKQREQVATITS----GSSTNYADSVKGRFTISRDNAKNTVYLQMNSLKPEDTAVYYCNAAGATID------------------LADFGSWGQGTQVTVSS,0.9142596549452714,0.8340464490018744,0.9798491025865003,0.5171377541360846,0.9759794363562335
81,7unz_A_idx91,QVQLQESGGGLVQPGGSLRLSCAASGSIFSTNAMGWYRQAPGKQREQVATITSGSSTNYADSVKGRFTISRDNAKNTVYLQMNSLKPEDTAVYYCNAAGATIDLADFGSWGQGTQVTVSS,QVQLQES-GGGLVQPGGSLRLSCAASG-SIFST-----NAMGWYRQAPGKQREQVATITS----GSSTNYADSVKGRFTISRDNAKNTVYLQMNSLKPEDTAVYYCNAAGATID------------------LADFGSWGQGTQVTVSS,0.9142596549452714,0.8340464490018744,0.9798491025865003,0.5171377541360846,0.9759794363562335
82,7wki_B_idx92,VQLVESGGGLVQAGGSLRLSCAASGLTVDDYAIGWFRQAPGKEREGVSCISSSNGSTYYADSVKGRFTISSDNAKNTAYLQMNSLKPEDTAVYYCAAAVSPNLECGTGPFGIYASYYGMDYWGQGTQVTVSS,-VQLVES-GGGLVQAGGSLRLSCAASG-LTVDD-----YAIGWFRQAPGKEREGVSCISSS---NGSTYYADSVKGRFTISSDNAKNTAYLQMNSLKPEDTAVYYCAAAVSPNLECGTGP------FGIYASYYGMDYWGQGTQVTVSS,0.8088857417803853,0.8598276868656738,0.796685572959231,0.3062256198204697,0.9510187357857846
83,8ew6_V_idx93,EVQLVESGGGLVQAGGSLRLSCAASGFTFDDYAIGWFRQAPGKGREGVLCIRIFDRHTYSADSVKGRFTISSDNAQNTVYLHMNSLKPEDTAVYYCAAGSFWACTRPEGAMDYWGKGTQVTVSS,EVQLVES-GGGLVQAGGSLRLSCAASG-FTFDD-----YAIGWFRQAPGKGREGVLCIRIF---DRHTYSADSVKGRFTISSDNAQNTVYLHMNSLKPEDTAVYYCAAGSFWACT---------------RPEGAMDYWGKGTQVTVSS,0.815582990992441,0.9998106052066862,0.5221470388143121,0.39452580329078457,0.9057885712311807
84,7pa5_B_idx94,QVQLVESGGGMVQPGGSLRLSCAASGFTFSNYDMSWVRRAPGKGPEWVSTINTGGGSTSYADSVKGRFTISRDNAKNTLYLQMNSLKPEDTALYYCTIDRGLHYSDLYDYWGQGTQVTVSS,QVQLVES-GGGMVQPGGSLRLSCAASG-FTFSN-----YDMSWVRRAPGKGPEWVSTINTG---GGSTSYADSVKGRFTISRDNAKNTLYLQMNSLKPEDTALYYCTIDRGLHY------------------SDLYDYWGQGTQVTVSS,0.9067590774584803,0.998218563451422,0.9439828615155625,0.6609307873586194,0.9286912850040903
85,7q3q_B_idx95,EVQLQASGGGLVEAGGSLRLSCTTSGLTFSSVTMGWFRQAPGKEREFVAAIRWKFGNLGYADSVKGRFTVSRDNAKNTVYLQMNSLKPEDTAVYYCAAARVGEIIAVLISPSNYAYWGQGTQVTVSS,EVQLQAS-GGGLVEAGGSLRLSCTTSG-LTFSS-----VTMGWFRQAPGKEREFVAAIRWK---FGNLGYADSVKGRFTVSRDNAKNTVYLQMNSLKPEDTAVYYCAAARVGEIIAV------------LISPSNYAYWGQGTQVTVSS,0.8146256773303384,0.8094063010811696,0.5094424391959725,0.37645589678276914,0.9460946313774451
86,7q3r_F_idx96,VQLVESGGGLVQAGGSLRLSCAASGRAFSRYFMGWFRQAPGKEREFVAGISRSGGSTDYANFVKGRFTISRDNAKNTVYLQMNSLKPEDTAVYYCAATVDYSGTLTAARGREDYDDWGQGIQVTVSS,-VQLVES-GGGLVQAGGSLRLSCAASG-RAFSR-----YFMGWFRQAPGKEREFVAGISRS---GGSTDYANFVKGRFTISRDNAKNTVYLQMNSLKPEDTAVYYCAATVDYSGTLT-----------AARGREDYDDWGQGIQVTVSS,0.8326140490780016,0.8765127409069418,0.7930527011743409,0.37391070494337897,0.9389453752415382
87,7q3r_G_idx97,EVQLVESGGGTVQPGGSLRLSCEVSGTGFTINAMGWDRQAPGKQRELVATITRGDRIHYADSVKGRFAISRDKDKNTVYLEMNNLKPEDTAVYYCDVAAFDSSDYEVLDSWGQGTQVTVSS,EVQLVES-GGGTVQPGGSLRLSCEVSG-TGFTI-----NAMGWDRQAPGKQRELVATITR----GDRIHYADSVKGRFAISRDKDKNTVYLEMNNLKPEDTAVYYCDVAAFDSS-----------------DYEVLDSWGQGTQVTVSS,0.8424911848838428,0.8292686354442703,0.9117033465140522,0.4474824607842798,0.9004162636055661
88,7ubx_D_idx98,QVQLVESGGGLVQPGGSLRLSCAASGFTFSDYVMTWVRQAPGKGPEWIATINTDGSTMRDDSTKGRFTISRDNAKNTLYLQMTSLKPEDTALYYCARGRVISASAIRGAVRGPGTQVTVSS,QVQLVES-GGGLVQPGGSLRLSCAASG-FTFSD-----YVMTWVRQAPGKGPEWIATINT----DGSTMRDDSTKGRFTISRDNAKNTLYLQMTSLKPEDTALYYCARGRVISA-----------------SAIRGAVRGPGTQVTVSS,0.8474614562801431,0.9787130880397427,0.8120087648482472,0.3565772514050637,0.9153034625041278
89,7zw1_C_idx101,QVQLQESGGGLVQAGGSLRLSCAASTRTTSRYTVGWFCQAPGKEREFVAAVHWSGGSTWYADSVKGRFTISRDNAKNTVYLQMNSLKQEDTAVYYCAAAEPRRYSYYMRPDEYNYWGQGTQVTVSS,QVQLQES-GGGLVQAGGSLRLSCAAST-RTTSR-----YTVGWFCQAPGKEREFVAAVHWS---GGSTWYADSVKGRFTISRDNAKNTVYLQMNSLKQEDTAVYYCAAAEPRRYSY-------------YMRPDEYNYWGQGTQVTVSS,0.8618166017895614,0.8053540978806144,0.7677848505260573,0.49260236568553306,0.9553087492725157
90,7xl0_A_idx103,EVQLVESGGGLVQPGGSLRLSCAASGSVFKINVMAWYRQAPGKGRELVAGIISGGSTSYADSVKGRFTISRDNAKNTLYLQMNSLRPEDTAVYYCAFITTESDYDLGRRYWGQGTLVTVSS,EVQLVES-GGGLVQPGGSLRLSCAASG-SVFKI-----NVMAWYRQAPGKGRELVAGIIS----GGSTSYADSVKGRFTISRDNAKNTLYLQMNSLRPEDTAVYYCAFITTESD-----------------YDLGRRYWGQGTLVTVSS,0.8640204170531791,0.7608174145623545,0.9473857390171689,0.3223847634180651,0.9546986833127262
91,7xl1_A_idx105,EVQLVESGGGLVQPGGSLRLSCAASGRTSYGMGWYRQAPGKGRELVAGISWRGDSTGYADSVKGRFTISRDNAKNTLYLQMNSLRPEDTAVYYCAFAAGSAWYGTLYEYDYWGQGTLVTVSS,EVQLVES-GGGLVQPGGSLRLSCAAS--GRTS------YGMGWYRQAPGKGRELVAGISWR---GDSTGYADSVKGRFTISRDNAKNTLYLQMNSLRPEDTAVYYCAFAAGSAWY---------------GTLYEYDYWGQGTLVTVSS,0.878969465550563,0.6416521239012989,0.7611187378645432,0.6252680930140286,0.9606349678495845
92,7xl1_B_idx106,EVQLVESGGGLVQPGGSLRLSCAASGRTSRSYGMGWYRQAPGKGRELVAGISWRGDSTGYADSVKGRFTISRDNAKNTLYLQMNSLRPEDTAVYYCAFAAGSAWYGTLYEYDYWGQGTLVTVSS,EVQLVES-GGGLVQPGGSLRLSCAASG-RTSRS-----YGMGWYRQAPGKGRELVAGISWR---GDSTGYADSVKGRFTISRDNAKNTLYLQMNSLRPEDTAVYYCAFAAGSAWY---------------GTLYEYDYWGQGTLVTVSS,0.8859441580510254,0.8573770022746556,0.7163627886613472,0.5861575182692855,0.9635547054220464
93,7zg0_G_idx107,QVQLQESGGGLVQPGGSLRLSCAASGSVFSWSPNINAMGWFRQAPGKQPDMVADISNTGSIDYADSVKGRFTISRDNGKNTVTLQMNSLKPEDTAVYVCSADIRVGLRDYDYWGQGTQVTVSS,QVQLQES-GGGLVQPGGSLRLSCAASG-SVFSWSP-NINAMGWFRQAPGKQPDMVADISN----TGSIDYADSVKGRFTISRDNGKNTVTLQMNSLKPEDTAVYVCSADIRVG-------------------LRDYDYWGQGTQVTVSS,0.7892250182985503,0.3542673834222233,0.46864747852083655,0.9033777102244757,0.8767942594506448
94,7zg0_H_idx108,QVQLQESGGGLVQPGGSLRLSCAASGSVFSGWSPNINAMGWFRQAPGKQPDMVADISNTGSIDYADSVKGRFTISRDNGKNTVTLQMNSLKPEDTAVYVCSADIRVGLRDYDYWGQGTQVTVSS,QVQLQES-GGGLVQPGGSLRLSCAASG-SVFSGWSPNINAMGWFRQAPGKQPDMVADISN----TGSIDYADSVKGRFTISRDNGKNTVTLQMNSLKPEDTAVYVCSADIRVG-------------------LRDYDYWGQGTQVTVSS,0.769595626249379,0.16316443592051622,0.4782599064876929,0.8188301288987988,0.8980852280540443
95,7tgf_B_idx109,VQLAETGGGLVQPGGSLRLSCAASGFTLDDYAIGWFRQAPGKEREGVSCISSSDGRTYYADSVKGRFTISRDNAKNTVYLQMNSLKSEDTAVYYCATEEVCTLGIFGHGPDDYWGQGTQVTVSS,-VQLAET-GGGLVQPGGSLRLSCAASG-FTLDD-----YAIGWFRQAPGKEREGVSCISSS---DGRTYYADSVKGRFTISRDNAKNTVYLQMNSLKSEDTAVYYCATEEVCTLGI--------------FGHGPDDYWGQGTQVTVSS,0.8663399177524527,0.9960965506234418,0.9957712151374091,0.40697582539873534,0.9274303037639012
96,7th2_C_idx111,QVQLAESGGGLVQPGGSLRLSCVASPSLDYYGIGWFRQAPGKEREGVSCITGSEGSTYYADSVKGRFTISRDNAKNTVFLQMDSLKPEDTAVYYCAAADPLPLVCTWGDEYDYWGQGTQVTVSS,QVQLAES-GGGLVQPGGSLRLSCVAS--PSLDY-----YGIGWFRQAPGKEREGVSCITGS---EGSTYYADSVKGRFTISRDNAKNTVFLQMDSLKPEDTAVYYCAAADPLPLVC--------------TWGDEYDYWGQGTQVTVSS,0.8636060923234014,0.7461397304193076,0.7748256928171167,0.41595376466145395,0.9734032070178689
97,7th3_B_idx113,VQLVETGGGSVQAGDSLTLSCAASERIFSHYAMGWYRQVPGKEREPVAALRLTETNYADSVEGRFTISRDNAKNTMYLRMSSLKPEDTAVYYCAAGSYAAILYAPSYWGQGTQVTVSS,-VQLVET-GGGSVQAGDSLTLSCAASE-RIFSH-----YAMGWYRQVPGKEREPVAALRL-----TETNYADSVEGRFTISRDNAKNTMYLRMSSLKPEDTAVYYCAAGSYAAI------------------LYAPSYWGQGTQVTVSS,0.7504531114535872,0.8001366162508232,0.05257118430706231,0.4062538094596,0.8620902790085281
98,7xp4_N_idx114,QVQLQESGGGLVQPGGSLRLSCAASGFTFSNYKMNWVRQAPGKGLEWVSDISQSGASISYTGSVKGRFTISRDNAKNTLYLQMNSLKPEDTAVYYCARCPAPFTRDCFDVTSTTYAYRGQGTQVTVSS,QVQLQES-GGGLVQPGGSLRLSCAASG-FTFSN-----YKMNWVRQAPGKGLEWVSDISQS---GASISYTGSVKGRFTISRDNAKNTLYLQMNSLKPEDTAVYYCARCPAPFTRDC-----------FDVTSTTYAYRGQGTQVTVSS,0.8198218513021885,0.8512557965107496,0.4530507703819414,0.24496792620662433,0.9913362910279817
99,7xrp_B_idx115,VQLVESGGGSVQAGGSLRLSCAASGKFSHLVFLGWFRQAPGKEREGVAAGLGAYESGYYADSVKGRFTVSLDNAENTVYLQMNSLKPEDTALYYCAALVVLSRDNTEFIAHNYWGQGTQVTVSS,-VQLVES-GGGSVQAGGSLRLSCAASG-KFSHL-----VFLGWFRQAPGKEREGVAAGLGA---YESGYYADSVKGRFTVSLDNAENTVYLQMNSLKPEDTALYYCAALVVLSRDN--------------TEFIAHNYWGQGTQVTVSS,0.7391436643103678,0.22543383884645385,0.17023084146837109,0.18702640692993133,0.9756885220863089
100,7yzi_C_idx116,QWQLVESGGGLVQAGGSLRLSCTASGIILSINSMGWYRQTAGNEREWVAFSTAGGSTTYADSVKGRFTISRDNAKNTVYLQMNSLKPEDTAVYYCNTPAGRVGGTWGQGTPVTVSS,QWQLVES-GGGLVQAGGSLRLSCTASG-IILSI-----NSMGWYRQTAGNEREWVAFSTA----GGSTTYADSVKGRFTISRDNAKNTVYLQMNSLKPEDTAVYYCNTPAGR----------------------VGGTWGQGTPVTVSS,0.8365839419418757,0.9409916741854534,0.549133341721433,0.564304217875913,0.8824079659533838
101,7nxx_B_idx117,QVQLQESGGGSVQAGGSLRLACVASGGDTRPYITYWMGWYRQAPGKEREGVATIYTGGSGTYYSDSVEGRFTISQDKAQRTVYLQMNDLKPEDTAMYYCAAGNGALPPGRRLSPQNMDTWGPGTQVTVSS,QVQLQES-GGGSVQAGGSLRLACVASG-GDTRPY--ITYWMGWYRQAPGKEREGVATIYTG---GSGTYYSDSVEGRFTISQDKAQRTVYLQMNDLKPEDTAMYYCAAGNGALPPGR------------RLSPQNMDTWGPGTQVTVSS,0.7239255590882854,0.24014603670689227,0.7961408156641375,0.26956209564279876,0.887746518667104
102,7b5g_B_idx118,QVQLVESGGGVVQAGGSLRLSCAASGSIFSSNAMAWYRQAPGNVRRLVAAISSRGDNTNYEDSVRGRFTISRDNAENTVSLQMNSLKPEDTAIYYCNVGSFYRGNYYGGSSWGQGTQVTVSS,QVQLVES-GGGVVQAGGSLRLSCAASG-SIFSS-----NAMAWYRQAPGNVRRLVAAISSR---GDNTNYEDSVRGRFTISRDNAENTVSLQMNSLKPEDTAIYYCNVGSFYRG-----------------NYYGGSSWGQGTQVTVSS,0.8216080491632658,0.9422042173925297,0.7487154423567426,0.3853104256563189,0.8864430762416485
103,7b5g_D_idx119,QVQLVESGGGVVQAGGSLRLSCAASGSIFSSNAMAWYRQAPGNVRRLVAAISSRGDNTNYEDSVRGRFTISRDNAENTVSLQMNSLKPEDTAIYYCNVGSFYRGNYYGGSSWGQGTQVTVSS,QVQLVES-GGGVVQAGGSLRLSCAASG-SIFSS-----NAMAWYRQAPGNVRRLVAAISSR---GDNTNYEDSVRGRFTISRDNAENTVSLQMNSLKPEDTAIYYCNVGSFYRG-----------------NYYGGSSWGQGTQVTVSS,0.8216080491632658,0.9422042173925297,0.7487154423567426,0.3853104256563189,0.8864430762416485
104,7b5g_F_idx120,QVQLVESGGGVVQAGGSLRLSCAASGSIFSSNAMAWYRQAPGNVRRLVAAISSRGDNTNYEDSVRGRFTISRDNAENTVSLQMNSLKPEDTAIYYCNVGSFYRGNYYGGSSWGQGTQVTVSS,QVQLVES-GGGVVQAGGSLRLSCAASG-SIFSS-----NAMAWYRQAPGNVRRLVAAISSR---GDNTNYEDSVRGRFTISRDNAENTVSLQMNSLKPEDTAIYYCNVGSFYRG-----------------NYYGGSSWGQGTQVTVSS,0.8216080491632658,0.9422042173925297,0.7487154423567426,0.3853104256563189,0.8864430762416485
105,7sah_B_idx121,QVQLVESGGRLVQAGDSLRLSCAASGRTFSTSAMAWFRQAPGREREFVAAITWTVGNTILGDSVKGRFTISRDRAKNTVDLQMDNLEPEDTAVYYCSARSRGYVLSVLRSVDSYDYWGQGTQVTVSS,QVQLVES-GGRLVQAGDSLRLSCAASG-RTFST-----SAMAWFRQAPGREREFVAAITWT---VGNTILGDSVKGRFTISRDRAKNTVDLQMDNLEPEDTAVYYCSARSRGYVLSV------------LRSVDSYDYWGQGTQVTVSS,0.8252988073528172,0.9889865901431065,0.6669815146662896,0.39433736969731403,0.9189944295990388
106,7sai_C_idx122,QVQLVESGGGLVQAGGSLRLSCAASGRTFSTSAMGWFRQAPGREREFVAAITWTVGNTIYGDSMKGRFTISRDRTKNTVDLQMDSLKPEDTAVYYCTARSRGFVLSDLRSVDSFDYKGQGTQVTVSS,QVQLVES-GGGLVQAGGSLRLSCAASG-RTFST-----SAMGWFRQAPGREREFVAAITWT---VGNTIYGDSMKGRFTISRDRTKNTVDLQMDSLKPEDTAVYYCTARSRGFVLSD------------LRSVDSFDYKGQGTQVTVSS,0.8341026416087041,0.9883326180656873,0.582322365681286,0.4471965794409656,0.9299023693750867
107,6ir2_B_idx123,VQLVESGGGLVQAGGSLRLSCATSGFTFSDYAMGWFRQAPGKEREFVAAISWSGHVTDYADSVKGRFTISRDNVKNTVYLQMNSLKPEDTAVYSCAAAKSGTWWYQRSENDFGSWGQGTQVTVSS,-VQLVES-GGGLVQAGGSLRLSCATSG-FTFSD-----YAMGWFRQAPGKEREFVAAISWS---GHVTDYADSVKGRFTISRDNVKNTVYLQMNSLKPEDTAVYSCAAAKSGTWWY-------------QRSENDFGSWGQGTQVTVSS,0.8603231606789385,0.9133778902283394,0.753318064109874,0.4447656985072276,0.953557691510265
108,7sak_B_idx124,QVQLVESGGSLVQPGGSLRLSCAASGRFAESSSMGWFRQAREFVAAISWSGGATNYADSAKGRFTLSRDNTKNTVYLQMNSLKPDDTAVYYCAANLGNYISSNQRLYGYWGQGTQVTVSS,QVQLVES-GGSLVQPGGSLRLSCAASG-RFAES-----SSMGWFRQAR----EFVAAISWS---GGATNYADSAKGRFTLSRDNTKNTVYLQMNSLKPDDTAVYYCAANLGNYIS---------------SNQRLYGYWGQGTQVTVSS,0.7331208606997708,0.39128096706636917,0.8818814257005784,0.42039048635800136,0.816643783549071
109,7sal_C_idx125,QVQLVESGGGLVQAGGSLRLSCVASGSAPSFFAMAWYRQSPGNERELVAALSSLGSTNYADSVKGRFTISMDNAKNTVYLQMNNVNAEDTAVYYCAAGDFHSCYARKSCDYWGQGTQVTVSS,QVQLVES-GGGLVQAGGSLRLSCVASG-SAPSF-----FAMAWYRQSPGNERELVAALSS----LGSTNYADSVKGRFTISMDNAKNTVYLQMNNVNAEDTAVYYCAAGDFHSCY----------------ARKSCDYWGQGTQVTVSS,0.7859129985243956,0.5921835421682687,0.6838977572695635,0.18711536634111658,0.9223922911803171
110,7y9t_D_idx127,QVQLVESGGGLVQAGGSLRLSCAASGFPVNISWMEWYRQVPGKEREWVAAIQSTGSYTWYADSVKGRFTISRDNAKNTVYLQMNSLKPEDTAVYYCRVKVGAYYRGQGTQVTVSS,QVQLVES-GGGLVQAGGSLRLSCAASG-FPVNI-----SWMEWYRQVPGKEREWVAAIQST---GSYTWYADSVKGRFTISRDNAKNTVYLQMNSLKPEDTAVYYCRVKVG------------------------AYYRGQGTQVTVSS,0.8195490522008465,0.19064004155672465,0.5092335649234965,0.32778320903846014,0.9676318144766974
111,7y9v_C_idx128,QVQLVESGGGLVQAGGSLRLSCAASGFPVNISWMEWYRQVPGKEREWVAAIQSTGSYTWYADSVKGRFTISRDNAKNTVYLQMNSLKPEDTAVYYCRVKVGAYYRGQGTQVTVSS,QVQLVES-GGGLVQAGGSLRLSCAASG-FPVNI-----SWMEWYRQVPGKEREWVAAIQST---GSYTWYADSVKGRFTISRDNAKNTVYLQMNSLKPEDTAVYYCRVKVG------------------------AYYRGQGTQVTVSS,0.8195490522008465,0.19064004155672465,0.5092335649234965,0.32778320903846014,0.9676318144766974
112,7ph2_D_idx131,QMQLVESGGGLVQAGGSLRLSCAVSGSIFSIITLAWYRQAPGKPRENVATITRGSRTSYCDSVKGRFTISKDNAKSTVYLQMNKLKPEDTADYYCNAEGPAGYWGQGTPVTVSS,QMQLVES-GGGLVQAGGSLRLSCAVSG-SIFSI-----ITLAWYRQAPGKPRENVATITR----GSRTSYCDSVKGRFTISKDNAKSTVYLQMNKLKPEDTADYYCNAEGP------------------------AGYWGQGTPVTVSS,0.8081831247686044,0.6429500900240348,0.7092523894205207,0.6941331988363777,0.8463001604348706
113,7zkz_B_idx132,QVQLVESGGGLVQAGGSLRLSCAASGRTITPISTYVMGWFRQDPGKEREFVASISWNGANTYYADSVKGRFTISRDNAKNTVYLQMNSLKPEDTAVYYCAADPESHVRLRLGVGAYWGRGTQVTVSS,QVQLVES-GGGLVQAGGSLRLSCAASG-RTITPI--STYVMGWFRQDPGKEREFVASISWN---GANTYYADSVKGRFTISRDNAKNTVYLQMNSLKPEDTAVYYCAADPESHVR---------------LRLGVGAYWGRGTQVTVSS,0.8290759373441833,0.36417490114823137,0.9133878792226688,0.36098133191086257,0.9754407633097378
114,7zk1_C_idx133,QVQLVESGGGLVQAGGSLRLSCAASGFPVYRNRMHWYRQAPGKEREWVAAIESAGQETHYADSVKGRFTISRDNAKNTVYLQMNSLKPEDTAVYYCNVKDEGWYWQTYDYWGQGTQVTVSA,QVQLVES-GGGLVQAGGSLRLSCAASG-FPVYR-----NRMHWYRQAPGKEREWVAAIESA---GQETHYADSVKGRFTISRDNAKNTVYLQMNSLKPEDTAVYYCNVKDEGWY------------------WQTYDYWGQGTQVTVSA,0.7818741842832841,0.12856849266635106,0.4351679310546026,0.26391807837686476,0.975235618295268
115,7zkz_C_idx134,QVQLVESGGGSAQPGGSLRLSCAVSGSVSELNTMGWFRQAPGKQRELVARITATSDATNYADSVKGRFTISRDNGWNTVYLQSNSLKPEDSAVYYCNVEGAPSWFSGIRSYWGQGTQVTVSS,QVQLVES-GGGSAQPGGSLRLSCAVSG-SVSEL-----NTMGWFRQAPGKQRELVARITAT---SDATNYADSVKGRFTISRDNGWNTVYLQSNSLKPEDSAVYYCNVEGAPSW-----------------FSGIRSYWGQGTQVTVSS,0.7165581277869342,0.4757639531824911,0.4136160402633088,0.10544439405619654,0.8779378022937694
116,8dly_H_idx136,EVQLVESGGGVVQPGRSLRLSCAASGFTFSSYAMHWVRQAPGKGLEWIGNIYHDGSTFYNPSLKSLVTISRDDSTNTLYLQMNSLRAEDTAIYYCARVWLYGSGYMDVWGKGTLVTVSS,EVQLVES-GGGVVQPGRSLRLSCAASG-FTFSS-----YAMHWVRQAPGKGLEWIGNIYH----DGSTFYNPSLKSLVTISRDDSTNTLYLQMNSLRAEDTAIYYCARVWLYG-------------------SGYMDVWGKGTLVTVSS,0.667376775983771,0.8632407525333424,0.4496025224392234,0.3041682500781303,0.7176060012061256
117,7nbb_D_idx137,VQLQESGGGLVQAGGSLRLSCAASGSIFDLGRMGWYRQAPGKEREFVAGIDYGGNTNYADSVKGRFTISRDNDTVYLQMNSLKPEDTAVYYCAAGIVGDVVGWIYYLYWGQGTQVTVSS,-VQLQES-GGGLVQAGGSLRLSCAASG-SIFDL-----GRMGWYRQAPGKEREFVAGIDY----GGNTNYADSVKGRFTISRDN--DTVYLQMNSLKPEDTAVYYCAAGIVGDVV----------------GWIYYLYWGQGTQVTVSS,0.7990843941843228,0.447976382640899,0.7225980551741301,0.3968722865989752,0.9208107974800712
118,7voa_A_idx139,QVQLVESGGGLVQPGGTLRLSCAASGFTLDYYAIGWFRQAPGKEREGVSCISGSGGITNYTDSVKGRFTISRDNAKNTVYLQMNSLKPEDTAVYYCAPVSHTVVAGCAFEAWTDFGSWGQGTQVTVSS,QVQLVES-GGGLVQPGGTLRLSCAASG-FTLDY-----YAIGWFRQAPGKEREGVSCISGS---GGITNYTDSVKGRFTISRDNAKNTVYLQMNSLKPEDTAVYYCAPVSHTVVAGC-----------AFEAWTDFGSWGQGTQVTVSS,0.8561437815602897,0.99982884423248,0.9111026384493279,0.33843873235494637,0.952909482463682
119,7fh0_B_idx140,QVQLVESGGGLVQAGGSLRLSCAASGRTYTMGWFRQAPGKEREFVAAMRWSDTDYADSLKGRFTISRDNANNAMYLQMNSLGPEDTAVYYCAAGEAWLARSTHHYDYWGQGTQVTVSS,QVQLVES-GGGLVQAGGSLRLSCAAS--GRTY-------TMGWFRQAPGKEREFVAAMRW-----SDTDYADSLKGRFTISRDNANNAMYLQMNSLGPEDTAVYYCAAGEAWLAR----------------STHHYDYWGQGTQVTVSS,0.8120807966277348,0.9217567588810784,0.6553998805772843,0.32269077532759116,0.9022194100046733
120,7vke_B_idx141,QVQLVESGGGVVQPGRSLRLSCAASGFTFSSYGMHWVRQAPGKEREWVAVISDDGSNKYYADSVKGRFTISRDNSKNTLYLQMNSLRVEDTAVYYCAKDRGTMRVVVYDTLDIWGQGTLVTVSS,QVQLVES-GGGVVQPGRSLRLSCAASG-FTFSS-----YGMHWVRQAPGKEREWVAVISDD---GSNKYYADSVKGRFTISRDNSKNTLYLQMNSLRVEDTAVYYCAKDRGTMRV---------------VVYDTLDIWGQGTLVTVSS,0.799486104005362,0.8675228631045152,0.4028785857866808,0.5180272671295961,0.8889345955125627
121,8dfl_E_idx142,EVQLVESGGGLVQAGGSLGLSCSASGLLFSRNSAGWYRQAPGKQREFVARIRMGGSINYADTVKGRFTISRDNAKNTVYLQMNSLKPEDTAVYYCSSWRTGFYEYWGQGTLVTVSS,EVQLVES-GGGLVQAGGSLGLSCSASG-LLFSR-----NSAGWYRQAPGKQREFVARIRM----GGSINYADTVKGRFTISRDNAKNTVYLQMNSLKPEDTAVYYCSSWRTG----------------------FYEYWGQGTLVTVSS,0.8346313885758452,0.623981167554744,0.6499124939151317,0.5854153158464481,0.9033966276762246
122,6ru3_C_idx143,QVQLVESGGGLVQAGGSLRLSCAASERTFTIYAMGWFRQAPGKEREFVAAISRSGENTDYADSVKGRFTISRDNNKNTISLQMNSLKPEDTAVYYCAAGRAILVHTTKKEYDHWGQGTQVTVSS,QVQLVES-GGGLVQAGGSLRLSCAASE-RTFTI-----YAMGWFRQAPGKEREFVAAISRS---GENTDYADSVKGRFTISRDNNKNTISLQMNSLKPEDTAVYYCAAGRAILVH---------------TTKKEYDHWGQGTQVTVSS,0.8549638887254631,0.9023106760433321,0.8153692584039678,0.4220676260992453,0.933726101965475
123,7xtp_C_idx145,EVQLVESGGGLVQPGGSLRLSCAISGFSISSTSIDWVRQAPGKGLEWVARISPSSGSTSYADSVKGRFTISADTSKNTVYLQMNSLRAEDTAVYYCGRVAKALNSRSPSFVVNTYSSIGFDYRGQGTLVTVSS,EVQLVES-GGGLVQPGGSLRLSCAISG-FSISS-----TSIDWVRQAPGKGLEWVARISPS---SGSTSYADSVKGRFTISADTSKNTVYLQMNSLRAEDTAVYYCGRVAKALNSRSPSF------VVNTYSSIGFDYRGQGTLVTVSS,0.6629812424210424,0.33795830505680546,0.6263833103210683,0.1971122546727121,0.838843337278915
124,7xtp_D_idx146,EVQLVESGGGLVQPGGSLRLSCAISGFSISSTSIDWVRQAPGKGLEWVARISPSSGSTSYADSVKGRFTISADTSKNTVYLQMNSLRAEDTAVYYCGRVAKALNSRSPSFVVNTYSSIGFDYRGQGTLVTVSS,EVQLVES-GGGLVQPGGSLRLSCAISG-FSISS-----TSIDWVRQAPGKGLEWVARISPS---SGSTSYADSVKGRFTISADTSKNTVYLQMNSLRAEDTAVYYCGRVAKALNSRSPSF------VVNTYSSIGFDYRGQGTLVTVSS,0.6629812424210424,0.33795830505680546,0.6263833103210683,0.1971122546727121,0.838843337278915
125,8dcs_N_idx147,QVQLQESGGGLVQPGGSLRLSCAASGFTFSNYKMNWVRQAPGKGLEWVSDISQSGASISYTGSVKGRFTISRDNAKNTLYLQMNSLKPEDTAVYYCARCPAPFTRDCFDVTSTTYAYRGQGTQVTVSS,QVQLQES-GGGLVQPGGSLRLSCAASG-FTFSN-----YKMNWVRQAPGKGLEWVSDISQS---GASISYTGSVKGRFTISRDNAKNTLYLQMNSLKPEDTAVYYCARCPAPFTRDC-----------FDVTSTTYAYRGQGTQVTVSS,0.8198218513021885,0.8512557965107496,0.4530507703819414,0.24496792620662433,0.9913362910279817
126,7vq0_D_idx148,VQLQESGGGLVQAGGSLRLSCVASGRTFSSLNIVWFRQAPGKERKFVAAINDRNTAYAESVKGRFTISRDNAKNTVHLQMNSLKPEDTAVYYCHSADVNGGMDYWGKGTQVTVSS,-VQLQES-GGGLVQAGGSLRLSCVASG-RTFSS-----LNIVWFRQAPGKERKFVAAIND-----RNTAYAESVKGRFTISRDNAKNTVHLQMNSLKPEDTAVYYCHSADVN---------------------GGMDYWGKGTQVTVSS,0.8289999596911478,0.5241888202398663,0.3918058522142328,0.772384519313532,0.9115582787684537
127,7z1a_E_idx150,QVQLVESGGGLMQAGGSLRLSCAVSGRTFSTAAMGWFRQAPGKEREFVAAIRWSGGSAYYADSVKGRFTISRDKAKNTVYLQMNSLKYEDTAVYYCAQTRVTRSLLSDYATWPYDYWGQGTQVTVSS,QVQLVES-GGGLMQAGGSLRLSCAVSG-RTFST-----AAMGWFRQAPGKEREFVAAIRWS---GGSAYYADSVKGRFTISRDKAKNTVYLQMNSLKYEDTAVYYCAQTRVTRSLLS------------DYATWPYDYWGQGTQVTVSS,0.8369768591255878,0.8619067525753381,0.8962163910761972,0.3015506078907557,0.9447197110977301
128,7z7x_F_idx151,QVQLVESGGGLMQAGGSLRLSCAVSGRTFSTAAMGWFRQAPGKEREFVAAIRWSGGSAYYADSVKGRFTISRDKAKNTVYLQMNSLKYEDTAVYYCAGSKITRSLLSDYATWPYDYWGQGTQVTVSS,QVQLVES-GGGLMQAGGSLRLSCAVSG-RTFST-----AAMGWFRQAPGKEREFVAAIRWS---GGSAYYADSVKGRFTISRDKAKNTVYLQMNSLKYEDTAVYYCAGSKITRSLLS------------DYATWPYDYWGQGTQVTVSS,0.8397471164713917,0.8754708114028347,0.8898508579002513,0.3125818721428636,0.9454629151925598
129,7z85_F_idx152,VQLVESGGGLMQAGGSLRLSCAVSGRTFSTAAMGWFRQAPGKEREFVAAIRWSGGSAYYADSVKGRFTISRDKAKNTVYLQMNSLKYEDTAVYYCASYQATRSLLSDYATWPYDYWGQGTQVTVSS,-VQLVES-GGGLMQAGGSLRLSCAVSG-RTFST-----AAMGWFRQAPGKEREFVAAIRWS---GGSAYYADSVKGRFTISRDKAKNTVYLQMNSLKYEDTAVYYCASYQATRSLLS------------DYATWPYDYWGQGTQVTVSS,0.8142814244085083,0.8752235359176982,0.7935065544513229,0.2787419397549119,0.9283765110242265
130,7z86_X_idx153,VQLVESGGGLMQAGGSLRLSCAVSGRTFSTAAMGWFRQAPGKEREFVAAIRWSGGSAYYADSVKGRFTISRDKAKNTVYLQMNSLKYEDTAVYYCARTEYVSYLLSDYATWPYDYWGQGTQVTVSS,-VQLVES-GGGLMQAGGSLRLSCAVSG-RTFST-----AAMGWFRQAPGKEREFVAAIRWS---GGSAYYADSVKGRFTISRDKAKNTVYLQMNSLKYEDTAVYYCARTEYVSYLLS------------DYATWPYDYWGQGTQVTVSS,0.8318314058027225,0.8790675311862778,0.9765495261028728,0.3020407898509109,0.9271521585091143
131,7z1b_F_idx154,QVQLVESGGGLMQAGGSLRLSCAVSGRTFSTAAMGWFRQAPGKEREFVAAIRWSGGSAYYADSVKGRFTISRDKAKNTVYLQMNSLKYEDTAVYYCAGFSATRSLLSDYATWPYDYWGQGTQVTVSS,QVQLVES-GGGLMQAGGSLRLSCAVSG-RTFST-----AAMGWFRQAPGKEREFVAAIRWS---GGSAYYADSVKGRFTISRDKAKNTVYLQMNSLKYEDTAVYYCAGFSATRSLLS------------DYATWPYDYWGQGTQVTVSS,0.8445720961993141,0.8705070877961605,0.9148642200832843,0.3295157339904332,0.9464144409312852
132,7zms_K_idx155,QVQLVENGGGCVQATGSLRLSCAASGSIFSINRMTWYRQAPGKEREWVAAITSGGSTNYADSVKGRFTISRDSAKGTVYLQMNSLKPEDTAVYYCEAYGTYTLAPTGEGEYDDYWGQGTQVMVSS,QVQLVEN-GGGCVQATGSLRLSCAASG-SIFSI-----NRMTWYRQAPGKEREWVAAITS----GGSTNYADSVKGRFTISRDSAKGTVYLQMNSLKPEDTAVYYCEAYGTYTLAP-------------TGEGEYDDYWGQGTQVMVSS,0.7723669444900749,0.5945313906551826,0.999731133006604,0.3480951846019881,0.857322091589622
133,8cyd_D_idx156,QVQLVESGGGLVQAGGSLRLSCTASGYDFSILAIAWYRQAPGKERELVAAISRVGSTDYADSVKGRFTISRDNTKNTVSLQMDSLKPEDTAVYYCNAGIPMTTVLSGLGFWGQGTQVTVSS,QVQLVES-GGGLVQAGGSLRLSCTASG-YDFSI-----LAIAWYRQAPGKERELVAAISR----VGSTDYADSVKGRFTISRDNTKNTVSLQMDSLKPEDTAVYYCNAGIPMTT-----------------VLSGLGFWGQGTQVTVSS,0.8760017448829727,0.5034539055714982,0.9530999190010412,0.42562512564519295,0.9834820966777208
134,8cyj_A_idx157,EVQLVESGGGLVQTGGSLRLSCALSGYTFSIFPTAWFRQAPGKEREFVAGIRWNGSTRDYTEYADFVKGRFTISRDNAKNMVYLQMISLKPEDTALYYCAASDGVIDGTNANAYRYWGQGTQVTVSS,EVQLVES-GGGLVQTGGSLRLSCALSG-YTFSI-----FPTAWFRQAPGKEREFVAGIRWNGSTRDYTEYADFVKGRFTISRDNAKNMVYLQMISLKPEDTALYYCAASDGVIDG---------------TNANAYRYWGQGTQVTVSS,0.7811659976202481,0.23710202581252637,0.4539309082159363,0.4571627000822245,0.9524913873073696
135,8cyj_B_idx158,HVQLVESGGGLVQAGGSLRLSCATSGRTFSTYRMSWFRQAPGKEREFVATIIWSVGSTHYADSVKGRFTISRDNAKNMVYLQMNSLKPEDTAVYYCAAQRSDSSSWGYEDDYDYWGQGTQVTVSS,HVQLVES-GGGLVQAGGSLRLSCATSG-RTFST-----YRMSWFRQAPGKEREFVATIIWS---VGSTHYADSVKGRFTISRDNAKNMVYLQMNSLKPEDTAVYYCAAQRSDSSSW--------------GYEDDYDYWGQGTQVTVSS,0.9034696988195878,0.681154874925534,0.8239731549392452,0.5958109910439144,0.9979651922617676
136,8cyj_C_idx159,QVQLVESGGGLVQPGGSLRLSCAASGFTFNRYAMSWVRQAPGKGREWVSGIYSDGSETYYTESVKGRFTISRDNAKNMLYLQMNSLKPEDTALYYCAKDENAHEDYFNSGFDRKYDYWGQGTQVTVSS,QVQLVES-GGGLVQPGGSLRLSCAASG-FTFNR-----YAMSWVRQAPGKGREWVSGIYSD---GSETYYTESVKGRFTISRDNAKNMLYLQMNSLKPEDTALYYCAKDENAHEDYF-----------NSGFDRKYDYWGQGTQVTVSS,0.8652517522735637,0.8871574200325676,0.775611525156354,0.34250613982331823,0.9935820540623539
137,8cyj_D_idx160,QVQLVESGGGLVQAGGSLRLSCAASGRTFSTYAMAWFRQAPGKEREFVAGVARSADTTYYGDSVKGRFTISRDNAKNEVNLQMSSLKPEDTAVYYCAARSVIQYGIVPGNDFHYEYWGQGTQVTVSS,QVQLVES-GGGLVQAGGSLRLSCAASG-RTFST-----YAMAWFRQAPGKEREFVAGVARS---ADTTYYGDSVKGRFTISRDNAKNEVNLQMSSLKPEDTAVYYCAARSVIQYGIV------------PGNDFHYEYWGQGTQVTVSS,0.8215418414323614,0.9974431878460425,0.4461445384698608,0.32600805988704007,0.9532679849256221
138,8cy9_D_idx161,QVQLVESGGGLVQAGGSLRLSCAASGRTDSISDMGWFRQAPGKEREFVAVVGWSGGGTDYAHSVKGRFTISRDNAKNTVYLQMNSLKPEDTAVYYCAVGSLRVGSFSVEYWGQGTQVTVSS,QVQLVES-GGGLVQAGGSLRLSCAASG-RTDSI-----SDMGWFRQAPGKEREFVAVVGWS---GGGTDYAHSVKGRFTISRDNAKNTVYLQMNSLKPEDTAVYYCAVGSLRVG------------------SFSVEYWGQGTQVTVSS,0.8587132321489228,0.6069102597668632,0.7578120340328214,0.3659092142351903,0.972907461319725
139,8cyb_D_idx162,QVQLVESGGGLVQTGGSLRLSCAASGRTFSNYVMGWFRQAPGKEREFVSSIEWNSENTFYANSVKGRFTISRDNAKNTVYLQMNSLKAEDTAVYYCAADRGSSYYYTRASEYTYWGQGTQVTVSS,QVQLVES-GGGLVQTGGSLRLSCAASG-RTFSN-----YVMGWFRQAPGKEREFVSSIEWN---SENTFYANSVKGRFTISRDNAKNTVYLQMNSLKAEDTAVYYCAADRGSSYYY--------------TRASEYTYWGQGTQVTVSS,0.8885377345611227,0.9991533414827921,0.41556450764763553,0.5414731528122652,0.9981828777384133
140,8cyc_D_idx163,HVQLVESGGGLVQAGGSLRLSCAASGRTFSRYAAGWFRQAPGKEREFVAVIEWDGDSAYYADPVKGRFTISRDNAKNTVYLQMNRLKPEDTAVYICAVGGNHYSRSKYYNLDEYDDWGQGTQVTVSS,HVQLVES-GGGLVQAGGSLRLSCAASG-RTFSR-----YAAGWFRQAPGKEREFVAVIEWD---GDSAYYADPVKGRFTISRDNAKNTVYLQMNRLKPEDTAVYICAVGGNHYSRSK------------YYNLDEYDDWGQGTQVTVSS,0.8476107932439148,0.7917662540163021,0.7300367632596878,0.4558666182554548,0.9529558481203526
141,8cy6_D_idx164,HVQLVESGGGLVQAGGSLRLSCAASGTISTLNAMGWYRQAPGKQRELLASISNLGTTYHADSVAGRFTISRGSAKNTVNLQMNSLKPDDTAVYYCNTRVLEGGTQIRDYWGQGTQVTVSS,HVQLVES-GGGLVQAGGSLRLSCAASG-TISTL-----NAMGWYRQAPGKQRELLASISN----LGTTYHADSVAGRFTISRGSAKNTVNLQMNSLKPDDTAVYYCNTRVLEGG------------------TQIRDYWGQGTQVTVSS,0.8293211556286217,0.8541521830004021,0.7535054372872715,0.4181099351130121,0.89569069189259
142,8cy7_D_idx165,QVQLVESGGGLVQAGGSLRLSCAAAARFSTSAMGWFRQAPGKEREFVAAISWSNTNTHYADTVKGRFTISADTAKETVDLQMNSLKPEDTAVYYCVQGGWGIRQPIIVDYWGKGTQVTVSS,QVQLVES-GGGLVQAGGSLRLSCAAA--ARFST-----SAMGWFRQAPGKEREFVAAISWS---NTNTHYADTVKGRFTISADTAKETVDLQMNSLKPEDTAVYYCVQGGWGIR-----------------QPIIVDYWGKGTQVTVSS,0.7804269195913708,0.5658067800764636,0.5789869638940252,0.3448259399334406,0.8957811445343405
143,8cwu_B_idx166,HVQLVESGGGLVQAGGSLRLSCAAPGRTFSTSAMGWFRQAPGKEREFVAAIDWSNTNIHYADTVKGRFTISTDTAKNTVYLQMNNLKPEDTAVYYCAQGGWGLTQPISVDYWGKGTQVTVSS,HVQLVES-GGGLVQAGGSLRLSCAAPG-RTFST-----SAMGWFRQAPGKEREFVAAIDWS---NTNIHYADTVKGRFTISTDTAKNTVYLQMNNLKPEDTAVYYCAQGGWGLT-----------------QPISVDYWGKGTQVTVSS,0.8428842671884192,0.870322983511466,0.6054456578630258,0.34407103783542037,0.9474142180761087
144,8cxn_D_idx167,QVQLVESGGGLVQAGGSLRLSCAVSGRTISTFGMGWFRQAPGKEREFVATITRDEDMLLYADSVKGRFTISRDTAKNMVFLQMNSLKIEDTALYYCAVRRDSSWGYSRQSTEYDYWGQGTQVTVSS,QVQLVES-GGGLVQAGGSLRLSCAVSG-RTIST-----FGMGWFRQAPGKEREFVATITRD---EDMLLYADSVKGRFTISRDTAKNMVFLQMNSLKIEDTALYYCAVRRDSSWGY-------------SRQSTEYDYWGQGTQVTVSS,0.7931120758576038,0.571293300305932,0.28477341585888616,0.5243002713730527,0.9326576480353068
145,8cxq_D_idx168,HVQLVESGGGLVQPGGSLRLSCAASGRSFNSYLMGWFRQAPGKEREFVAWISGSPHDIIRYRDSVKDRFTISRDNAKNTVYLQMNSLKPVDTAVYYCAVGSLRVGSFSPDYWGQGTQVTVSS,HVQLVES-GGGLVQPGGSLRLSCAASG-RSFNS-----YLMGWFRQAPGKEREFVAWISGS--PHDIIRYRDSVKDRFTISRDNAKNTVYLQMNSLKPVDTAVYYCAVGSLRVG------------------SFSPDYWGQGTQVTVSS,0.822219440609811,0.7954099687784647,0.3219213953336091,0.5096699234744926,0.9353214282666594
146,6fe4_F_idx169,QVQLQESGGGLVQPGGSLRLSCAASGFTFSSYYMSWVRQAPGKGPEWVSGINTGGVGTRYADSVKGRFTISRDNAKNTLYLQMNSLKPEDTALYYCAIGEGGNRNYWGQGTQVTVSS,QVQLQES-GGGLVQPGGSLRLSCAASG-FTFSS-----YYMSWVRQAPGKGPEWVSGINTG---GVGTRYADSVKGRFTISRDNAKNTLYLQMNSLKPEDTALYYCAIGEGG----------------------NRNYWGQGTQVTVSS,0.9485302877237707,0.9952193294263185,0.789501888579594,0.5844661083274326,0.9989683705628405
147,6fe4_I_idx170,QVQLQESGGGLVQPGGSLRLSCAASGFTFSSYYMSWVRQAPGKGPEWVSGINTGGVGTRYADSVKGRFTISRDNAKNTLYLQMNSLKPEDTALYYCAIGEGGNRNYWGQGTQVTVSS,QVQLQES-GGGLVQPGGSLRLSCAASG-FTFSS-----YYMSWVRQAPGKGPEWVSGINTG---GVGTRYADSVKGRFTISRDNAKNTLYLQMNSLKPEDTALYYCAIGEGG----------------------NRNYWGQGTQVTVSS,0.9485302877237707,0.9952193294263185,0.789501888579594,0.5844661083274326,0.9989683705628405
148,6fe4_J_idx171,QVQLQESGGGLVQPGGSLRLSCAASGFTFSSYYMSWVRQAPGKGPEWVSGINTGGVGTRYADSVKGRFTISRDNAKNTLYLQMNSLKPEDTALYYCAIGEGGNRNYWGQGTQVTVSS,QVQLQES-GGGLVQPGGSLRLSCAASG-FTFSS-----YYMSWVRQAPGKGPEWVSGINTG---GVGTRYADSVKGRFTISRDNAKNTLYLQMNSLKPEDTALYYCAIGEGG----------------------NRNYWGQGTQVTVSS,0.9485302877237707,0.9952193294263185,0.789501888579594,0.5844661083274326,0.9989683705628405
149,7kgj_B_idx172,QVQLVESGGGLVQAGGSLRLSCAASGFPVYRDRMAWYRQAPGKEREWVAAIYSAGQQTRYADSVKGRFTISRDNAKNTVYLQMNSLKPEDTAVYYCNVKDVGHHYEYYDYWGQGTQVTVSA,QVQLVES-GGGLVQAGGSLRLSCAASG-FPVYR-----DRMAWYRQAPGKEREWVAAIYSA---GQQTRYADSVKGRFTISRDNAKNTVYLQMNSLKPEDTAVYYCNVKDVGHH------------------YEYYDYWGQGTQVTVSA,0.7801923491619511,0.11872849674690544,0.5011215359715082,0.3705368380303423,0.9501760984214271
150,5l21_B_idx173,QVQLVESGGGLAQPGGSLRLSCEASGFGTWFRFDENTVNWYRQPPGKSREFDELVARYPKSGIVTYLDSVKGRFTISRDNAKKMAFLQMDNLKPEDTAVYYCNVGEFWGQGTQVTISS,QVQLVES-GGGLAQPGGSLRLSCEASG-FGTWFRF-DENTVNWYRQPPGKSREFDELVARYP-KSGIVTYLDSVKGRFTISRDNAKKMAFLQMDNLKPEDTAVYYCNVG---------------------------EFWGQGTQVTISS,0.6126977324717457,-0.06096897378468702,-0.05764295335233394,0.7359753154284562,0.8097109466090697
151,7a0v_D_idx176,QVQLVESGGGFAQAGGSLRLSCAASGSTFRFRAMGWFRQAPGKEREFVAGISWSGSTKYTDSVKGRFTISRDNAKNTVHLQMNNLTPEDTAVYYCAQSRAIEADDSRGYDYWGQGTQVTVSS,QVQLVES-GGGFAQAGGSLRLSCAASG-STFRF-----RAMGWFRQAPGKEREFVAGISW----SGSTKYTDSVKGRFTISRDNAKNTVHLQMNNLTPEDTAVYYCAQSRAIEAD----------------DSRGYDYWGQGTQVTVSS,0.8493448925854091,0.7351318977957387,0.778595581390432,0.381660407846509,0.9504145096256703
152,7a0v_B_idx177,QVQLVESGGGFAQAGGSLRLSCAASGSTFRFRAMGWFRQAPGKEREFVAGISWSGSTKYTDSVKGRFTISRDNAKNTVHLQMNNLTPEDTAVYYCAQSRAIEADDSRGYDYWGQGTQVTVSS,QVQLVES-GGGFAQAGGSLRLSCAASG-STFRF-----RAMGWFRQAPGKEREFVAGISW----SGSTKYTDSVKGRFTISRDNAKNTVHLQMNNLTPEDTAVYYCAQSRAIEAD----------------DSRGYDYWGQGTQVTVSS,0.8493448925854091,0.7351318977957387,0.778595581390432,0.381660407846509,0.9504145096256703
153,6h7n_D_idx178,QVQLQESGGGLVQAGGSLRLSCAASGSIFALNIMGWYRQAPGKQRELVAAIHSGGTTNYANSVKGRFTISRDNAANTVYLQMNSLKPEDTAVYYCNVKDFGAIIYDYDYWGQGTQVTVSS,QVQLQES-GGGLVQAGGSLRLSCAASG-SIFAL-----NIMGWYRQAPGKQRELVAAIHS----GGTTNYANSVKGRFTISRDNAANTVYLQMNSLKPEDTAVYYCNVKDFGAI------------------IYDYDYWGQGTQVTVSS,0.875579752253828,0.6144806431762122,0.7949342773511408,0.48795522127050805,0.9716717042492998
154,5ja9_B_idx179,QVQLQESGGGLVQPGGSLRLSCAASGFTFSNYAMRWYRQAPGEEREFVAFISSVGGSTNYADSVKGRFTISRDNGKNTLYLQMNSLKPEDTAVYFCVARLSLISDSWGQGTQVTVSS,QVQLQES-GGGLVQPGGSLRLSCAASG-FTFSN-----YAMRWYRQAPGEEREFVAFISSV---GGSTNYADSVKGRFTISRDNGKNTLYLQMNSLKPEDTAVYFCVARLSL----------------------ISDSWGQGTQVTVSS,0.8434590313787643,0.7883432089598152,0.6805506892661244,0.26507440145900574,0.9284193511947276
155,5ja9_A_idx180,QVQLQESGGGLVQPGGSLRLSCAASGFTFSNYAMRWYRQAPGEEREFVAFISSVGGSTNYADSVKGRFTISRDNGKNTLYLQMNSLKPEDTAVYFCVARLSLISDSWGQGTQVTVSS,QVQLQES-GGGLVQPGGSLRLSCAASG-FTFSN-----YAMRWYRQAPGEEREFVAFISSV---GGSTNYADSVKGRFTISRDNGKNTLYLQMNSLKPEDTAVYFCVARLSL----------------------ISDSWGQGTQVTVSS,0.8434590313787643,0.7883432089598152,0.6805506892661244,0.26507440145900574,0.9284193511947276
156,5toj_E_idx181,QVQLQESGGGLVQPGGSLRLSCAASGFTLDYYYIGWFRQAPGKEREAVSCISGSSGSTYYPDSVKGRFTISRDNAKNTVYLQMNSLKPEDTAVYYCATIRSSSWGGCVHYGMDYWGKGTQVTVSS,QVQLQES-GGGLVQPGGSLRLSCAASG-FTLDY-----YYIGWFRQAPGKEREAVSCISGS---SGSTYYPDSVKGRFTISRDNAKNTVYLQMNSLKPEDTAVYYCATIRSSSWGG--------------CVHYGMDYWGKGTQVTVSS,0.9030740430473191,0.7987732829258118,0.8501404692086152,0.562929279344097,0.9873591924894529
157,5tp3_A_idx182,QVQLQESGGGLVQPGGSLRLSCAASGFTLDYYYIGWFRQAPGKEREAVSCISGSSGSTYYPDSVKGRFTISRDNAKNTVYLQMNSLKPEDTAVYYCATIRSSSWGGCVHYGMDYWGKGTQVTVSS,QVQLQES-GGGLVQPGGSLRLSCAASG-FTLDY-----YYIGWFRQAPGKEREAVSCISGS---SGSTYYPDSVKGRFTISRDNAKNTVYLQMNSLKPEDTAVYYCATIRSSSWGG--------------CVHYGMDYWGKGTQVTVSS,0.9030740430473191,0.7987732829258118,0.8501404692086152,0.562929279344097,0.9873591924894529
158,5toj_D_idx183,QVQLQESGGGLVQPGGSLRLSCAASGFTLDYYYIGWFRQAPGKEREAVSCISGSSGSTYYPDSVKGRFTISRDNAKNTVYLQMNSLKPEDTAVYYCATIRSSSWGGCVHYGMDYWGKGTQVTVSS,QVQLQES-GGGLVQPGGSLRLSCAASG-FTLDY-----YYIGWFRQAPGKEREAVSCISGS---SGSTYYPDSVKGRFTISRDNAKNTVYLQMNSLKPEDTAVYYCATIRSSSWGG--------------CVHYGMDYWGKGTQVTVSS,0.9030740430473191,0.7987732829258118,0.8501404692086152,0.562929279344097,0.9873591924894529
159,7aqy_D_idx184,QVQLQESGGGLVQAGGSLTLSCAVSGLTFSNYAMGWFRQAPGKEREFVAAITWDGGNTYYTDSVKGRFTISRDNAKNTVFLQMNSLKPEDTAVYYCAAKLLGSSRYELALAGYDYWGQGTQVTVSS,QVQLQES-GGGLVQAGGSLTLSCAVSG-LTFSN-----YAMGWFRQAPGKEREFVAAITWD---GGNTYYTDSVKGRFTISRDNAKNTVFLQMNSLKPEDTAVYYCAAKLLGSSRY-------------ELALAGYDYWGQGTQVTVSS,0.8884637646594518,0.9974422336265368,0.7288997135632652,0.39144674987088635,0.9974030385449117
160,7aqy_C_idx185,VQLQESGGGLVQAGGSLTLSCAVSGLTFSNYAMGWFRQGKEREFVAAITWDGGNTYYTDSVKGRFTISRDNAKNTVFLQMNSLKPEDTAVYYCAAKLLGSSRYELALAGYDYWGQGTQVTVSS,-VQLQES-GGGLVQAGGSLTLSCAVSG-LTFSN-----YAMGWFRQ--GKEREFVAAITWD---GGNTYYTDSVKGRFTISRDNAKNTVFLQMNSLKPEDTAVYYCAAKLLGSSRY-------------ELALAGYDYWGQGTQVTVSS,0.8401669039236315,0.9975121488827192,0.7287626676235739,0.4563222356273199,0.9169975076398249
161,4u3x_A_idx186,VQLLESGGGLVQPGGSLRLSCAASGFRFDAEDMGWVRQAPGKGLEWVSSIYGPSGSTYYADSVKGRFTISRDNSKNTLYLQMNSLRAEDTAVYYCAKYTSPPQNHGFDYWGQGTLVTVSS,-VQLLES-GGGLVQPGGSLRLSCAASG-FRFDA-----EDMGWVRQAPGKGLEWVSSIYGP---SGSTYYADSVKGRFTISRDNSKNTLYLQMNSLRAEDTAVYYCAKYTSPPQ------------------NHGFDYWGQGTLVTVSS,0.8096095756667929,0.668294322420171,0.590898806436654,0.4725543422076137,0.9021196063635097
162,4u3x_C_idx187,VQLLESGGGLGGSLRLSCAASGFRFDAEDMGWVRQALEWVSSIYGPSGSTYYADSVKGRFTISRDNSKNTLYLQMNSLRAEDTAVYYCAKYTSPPQNHGFDYWGQGTLVTVSS,-VQLLES-GGGL---GGSLRLSCAASG-FRFDA-----EDMGWVRQA----LEWVSSIYGP---SGSTYYADSVKGRFTISRDNSKNTLYLQMNSLRAEDTAVYYCAKYTSPPQ------------------NHGFDYWGQGTLVTVSS,0.664101616352468,0.5952403160311364,0.5740209728745655,0.47503267229854573,0.7149229542985847
163,1g9e_A_idx188,QVQLQESGGGLVQAGGSLRLSCAASGRTGSTYDMGWFRQAPGKERESVAAINWDSARTYYASSVRGRFTISRDNAKKTVYLQMNSLKPEDTAVYTCGAGEGGTWDSWGQGTQVTVSS,QVQLQES-GGGLVQAGGSLRLSCAASG-RTGST-----YDMGWFRQAPGKERESVAAINWD---SARTYYASSVRGRFTISRDNAKKTVYLQMNSLKPEDTAVYTCGAGEGG----------------------TWDSWGQGTQVTVSS,0.8585205341612847,0.798918618889978,0.5889725417863794,0.5449349690771883,0.9285351502069935
164,6ul6_C_idx189,QVQLVESGGGLVQVGGSLRLSCVVSGSDISGIAMGWYRQAPGKRREMVADIFSGGSTDYAGSVKGRFTISRDNAKKTSYLQMNNVKPEDTGVYYCRLYGSGDYWGQGTQVTVSS,QVQLVES-GGGLVQVGGSLRLSCVVSG-SDISG-----IAMGWYRQAPGKRREMVADIFS----GGSTDYAGSVKGRFTISRDNAKKTSYLQMNNVKPEDTGVYYCRLYGS------------------------GDYWGQGTQVTVSS,0.8678223013083564,0.40501358168113477,0.7159694068166973,0.634204048353921,0.9554151155763017
165,6ul6_B_idx190,QLQLVESGGGLVQPGGSLRLSCVVSGSDFNTYIMGWYRQVPGKPRELVADITTEGKTNYGGSVKGRFTISRDNAKNTVYLQMFGLKPEDAGNYVCNADWKMGAWTAGDYGIDYWGKGTLVTVSS,QLQLVES-GGGLVQPGGSLRLSCVVSG-SDFNT-----YIMGWYRQVPGKPRELVADITT----EGKTNYGGSVKGRFTISRDNAKNTVYLQMFGLKPEDAGNYVCNADWKMGAWT--------------AGDYGIDYWGKGTLVTVSS,0.7086897713530188,0.48165448785854126,0.7333214704606332,0.33159696436133723,0.8058043766662024
166,5y7z_D_idx191,QVQLQESGGGLVQPGGSLRLSCSASGFKFNDSYMSWVRRVPGKGLEWVAGIWEDSSAAHYRDSVKGRFTISRDNAKNMLYLQMSSLKSDDTGLYYCVRRGYSGDYRPINNPSSQGTQVTVSS,QVQLQES-GGGLVQPGGSLRLSCSASG-FKFND-----SYMSWVRRVPGKGLEWVAGIWED---SSAAHYRDSVKGRFTISRDNAKNMLYLQMSSLKSDDTGLYYCVRRGYSGD-----------------YRPINNPSSQGTQVTVSS,0.703751208054454,0.6184155382918592,0.26969476121963043,0.16534303455231847,0.8505071062676758
167,5y7z_C_idx192,QVQLQESGGGLVQPGGSLRLSCSASGFKFNDSYMSWVRRVPGKGLEWVAGIWEDSSAAHYRDSVKGRFTISRDNAKNMLYLQMSSLKSDDTGLYYCVRRGYSGDYRPINNPSSQGTQVTVSS,QVQLQES-GGGLVQPGGSLRLSCSASG-FKFND-----SYMSWVRRVPGKGLEWVAGIWED---SSAAHYRDSVKGRFTISRDNAKNMLYLQMSSLKSDDTGLYYCVRRGYSGD-----------------YRPINNPSSQGTQVTVSS,0.703751208054454,0.6184155382918592,0.26969476121963043,0.16534303455231847,0.8505071062676758
168,7vnd_D_idx193,VQLVESGGGLVQPGGSLRLSCAASDFSFYDYEMSWVRQAPGKALEWIGSMYHSGRTYINPSLKSLVTISRDNSKNTLYLQMNSLRAEDTAMYYCVSNWASGSTGDYWGQGTLVTVSS,-VQLVES-GGGLVQPGGSLRLSCAASD-FSFYD-----YEMSWVRQAPGKALEWIGSMYH----SGRTYINPSLKSLVTISRDNSKNTLYLQMNSLRAEDTAMYYCVSNWASG--------------------STGDYWGQGTLVTVSS,0.6606743703170052,0.6605030204280212,0.13936818603076184,0.5235918820218961,0.7327829372868331
169,5da4_A_idx194,QVQLQESGGGLVQAGGSLRLSCAASGRTFSSDVMGWFRQAPGKEREFVAAVTRSGGKSYNADSVKGRFTISRDNAKNTVSLQMNSLKPEDTAVYYCAAGDTAITSWYGYDYWGQGTQVTVSS,QVQLQES-GGGLVQAGGSLRLSCAASG-RTFSS-----DVMGWFRQAPGKEREFVAAVTRS---GGKSYNADSVKGRFTISRDNAKNTVSLQMNSLKPEDTAVYYCAAGDTAIT-----------------SWYGYDYWGQGTQVTVSS,0.9092714604011142,0.9731762583883331,0.7935545519505613,0.5249260334893666,0.9769926842518891
170,4b50_A_idx195,EVQLVESGGGLVQPGGSLRLSCAASGSISSVDVMSWYRQAPGKQRELVAFITDRGRTNYKVSVKGRFTISRDNSKNMVYLQMNSLKPEDTADYLCRAESRTSWSSPSPLDVWGRGTQVTVSS,EVQLVES-GGGLVQPGGSLRLSCAASG-SISSV-----DVMSWYRQAPGKQRELVAFITD----RGRTNYKVSVKGRFTISRDNSKNMVYLQMNSLKPEDTADYLCRAESRTSWS----------------SPSPLDVWGRGTQVTVSS,0.8782646051855296,0.9870577313109705,0.9934773851655627,0.6747373196420426,0.8890357263237705
171,5fuc_V_idx197,DVQFVESGGGSVHAGGSLRLNCATSGYIYSTYCMGWFRQAPGKEREGVAHIYTNSGRTYYADSVKGRFTISQDNAKNTVYLQMNSLKPEDTAIYYCAARPSIRCASFSATEYKDWGQGTQVTVSS,DVQFVES-GGGSVHAGGSLRLNCATSG-YIYST-----YCMGWFRQAPGKEREGVAHIYTN---SGRTYYADSVKGRFTISQDNAKNTVYLQMNSLKPEDTAIYYCAARPSIRCAS--------------FSATEYKDWGQGTQVTVSS,0.8340483422998739,0.8024278625405171,0.7098835147255875,0.44928587825881783,0.9269766748998204
172,7omn_A_idx198,EVQLVESGGGLVQPGRSLRLSCAASGFDIAYYSIGWVRRAPGKGEELVARIYPSSSSTSYADSVKGRFTISADTSKNTAYLQMNSLRAEDTAVYYCARWHYDYADWPGGYGMDYWGQGTLVTVSS,EVQLVES-GGGLVQPGRSLRLSCAASG-FDIAY-----YSIGWVRRAPGKGEELVARIYPS---SSSTSYADSVKGRFTISADTSKNTAYLQMNSLRAEDTAVYYCARWHYDYADW--------------PGGYGMDYWGQGTLVTVSS,0.6868537185759426,0.540556409929101,0.45691771227732614,0.4791723542124303,0.7702730501519804
173,5ojm_M_idx199,QVQLQESGGGLVQAGGSLRLSCAASGHTFNYPIMGWFRQAPGKEREFVGAISWSGGSTSYADSVKDRFTISRDNAKNTVYLEMNNLKPEDTAVYYCAAKGRYSGGLYYPTNYDYWGQGTQVTVSS,QVQLQES-GGGLVQAGGSLRLSCAASG-HTFNY-----PIMGWFRQAPGKEREFVGAISWS---GGSTSYADSVKDRFTISRDNAKNTVYLEMNNLKPEDTAVYYCAAKGRYSGGL--------------YYPTNYDYWGQGTQVTVSS,0.8696415099108605,0.5245745852438033,0.9894776578107187,0.4648805676628224,0.9747530991749818
174,4w2o_A_idx200,KVQLQESGGGLVQAGGSLRLSCAASGGTFSINTLGWYRRAPGKEREFVARISSGGITRYADSVKGRFTISRDNGKNTVYLDMNSLKPEDTAVYYCMYRNWGGGLDVYWGQGTQVTVSS,KVQLQES-GGGLVQAGGSLRLSCAASG-GTFSI-----NTLGWYRRAPGKEREFVARISS----GGITRYADSVKGRFTISRDNGKNTVYLDMNSLKPEDTAVYYCMYRNWGG--------------------GLDVYWGQGTQVTVSS,0.8590768538896019,0.6901209329870833,0.9660676739322434,0.5035927871409532,0.9122971032675341
175,6x08_K_idx201,QVQLVETGGGLVQPGGSLRLSCAASGFTLDDYAIGWFRQAPGKEREGVSCISRSGGSTTYTDSVKGRFTISRDNAENTVYLQMNSLKPEDTAVYYCAAARTRGTCWLNRIGMDYWGKGTQVTVSS,QVQLVET-GGGLVQPGGSLRLSCAASG-FTLDD-----YAIGWFRQAPGKEREGVSCISRS---GGSTTYTDSVKGRFTISRDNAENTVYLQMNSLKPEDTAVYYCAAARTRGTCW--------------LNRIGMDYWGKGTQVTVSS,0.8858528098224416,0.9984361472108781,0.9796801253116434,0.4327271919159337,0.9509962361186378
176,7my3_E_idx202,QVKLEESGGGSVQAGGSLRLICTAPGLTHNNCGLDWYRRAPGKEREFVSSISADGTTSYADSVKGRFTISKDKVEDTVYLQMNSLKPEDTAIYSCKTAFPYFGNSCVLDYWGQGTSVTVSS,QVKLEES-GGGSVQAGGSLRLICTAPG-LTHNN-----CGLDWYRRAPGKEREFVSSISA----DGTTSYADSVKGRFTISKDKVEDTVYLQMNSLKPEDTAIYSCKTAFPYFG-----------------NSCVLDYWGQGTSVTVSS,0.7580867596588958,0.6092347251772476,0.8870890674864219,0.4262127201732878,0.8151810381850118
177,1f2x_K_idx203,QVQLVESGGGSVQAGGSLRLSCAASGYTVSTYCMGWFRQAPGKEREGVATILGGSTYYGDSVKGRFTISQDNAKNTVYLQMNSLKPEDTAIYYCAGSTVASTGWCSRLRPYDYHYRGQGTQVTVSS,QVQLVES-GGGSVQAGGSLRLSCAASG-YTVST-----YCMGWFRQAPGKEREGVATILG-----GSTYYGDSVKGRFTISQDNAKNTVYLQMNSLKPEDTAIYYCAGSTVASTGWC-----------SRLRPYDYHYRGQGTQVTVSS,0.842996204741232,0.9214598065749208,0.6586707371862888,0.33802517989335534,0.9673773826453856
178,5nqw_C_idx204,EVQLLESGGGLVQPGGSLRLSCAASGFTFGNYDMAWVRQAPGKRPEWVSSIDTGGDITHYADSVKGRFTISRDNAKNTLYLQMNSLRPEDTAVYWCATDEEYALGPNEFDYYGQGTLVTVSS,EVQLLES-GGGLVQPGGSLRLSCAASG-FTFGN-----YDMAWVRQAPGKRPEWVSSIDTG---GDITHYADSVKGRFTISRDNAKNTLYLQMNSLRPEDTAVYWCATDEEYAL-----------------GPNEFDYYGQGTLVTVSS,0.824734935921771,0.9125254469310026,0.5714401251676575,0.5981447107475675,0.8800342066350657
179,5nqw_D_idx205,EVQLLESGGGLVQPGGSLRLSCAASGFTFGNYDMAWVRQAPGKRPEWVSSIDTGGDITHYADSVKGRFTISRDNAKNTLYLQMNSLRPEDTAVYWCATDEEYALGPNEFDYYGQGTLVTVSS,EVQLLES-GGGLVQPGGSLRLSCAASG-FTFGN-----YDMAWVRQAPGKRPEWVSSIDTG---GDITHYADSVKGRFTISRDNAKNTLYLQMNSLRPEDTAVYWCATDEEYAL-----------------GPNEFDYYGQGTLVTVSS,0.824734935921771,0.9125254469310026,0.5714401251676575,0.5981447107475675,0.8800342066350657
180,7r63_A_idx207,QVQLQESGGGLVQTGGSLRLSCKASGRAFARYDLAWSRQAPGKQREFVASIGVTRNPPYYSGSVKGRFTVSRDNAKETVYLQMNDLKPEDSAVYYCAAKDASVTVATIEDYPYWGRGTQVTVSS,QVQLQES-GGGLVQTGGSLRLSCKASG-RAFAR-----YDLAWSRQAPGKQREFVASIGVT---RNPPYYSGSVKGRFTVSRDNAKETVYLQMNDLKPEDSAVYYCAAKDASVTV---------------ATIEDYPYWGRGTQVTVSS,0.7600594041617403,0.6220566455618866,0.32513998783748377,0.33339335631255895,0.9045255558400364
181,7r63_C_idx208,QVQLQESGGGLVQTGGSLRLSCKASGRAFARYDLAWSRQAPGKQREFVASIGVTRNPPYYSGSVKGRFTVSRDNAKETVYLQMNDLKPEDSAVYYCAAKDASVTVATIEDYPYWGRGTQVTVSS,QVQLQES-GGGLVQTGGSLRLSCKASG-RAFAR-----YDLAWSRQAPGKQREFVASIGVT---RNPPYYSGSVKGRFTVSRDNAKETVYLQMNDLKPEDSAVYYCAAKDASVTV---------------ATIEDYPYWGRGTQVTVSS,0.7600594041617403,0.6220566455618866,0.32513998783748377,0.33339335631255895,0.9045255558400364
182,7r63_B_idx209,QVQLQESGGGLVQTGGSLRLSCKASGRAFARYDLAWSRQAPGKQREFVASIGVTRNPPYYSGSVKGRFTVSRDNAKETVYLQMNDLKPEDSAVYYCAAKDASVTVATIEDYPYWGRGTQVTVSS,QVQLQES-GGGLVQTGGSLRLSCKASG-RAFAR-----YDLAWSRQAPGKQREFVASIGVT---RNPPYYSGSVKGRFTVSRDNAKETVYLQMNDLKPEDSAVYYCAAKDASVTV---------------ATIEDYPYWGRGTQVTVSS,0.7600594041617403,0.6220566455618866,0.32513998783748377,0.33339335631255895,0.9045255558400364
183,7jkb_B_idx211,QVQLVESGGGLIKPGGSLRLSCAASGFTVSYESMGWVRQAPGKGLEWVSAISSSGGSTYYADSVKGRFTISRDNSKNTVYLQMNSLRAEDTAVYYCVTPERQCKQSTCYARPRYWGQGTMVTVSS,QVQLVES-GGGLIKPGGSLRLSCAASG-FTVSY-----ESMGWVRQAPGKGLEWVSAISSS---GGSTYYADSVKGRFTISRDNSKNTVYLQMNSLRAEDTAVYYCVTPERQCKQS--------------TCYARPRYWGQGTMVTVSS,0.7557660946166308,0.3220162619049485,0.9795343163288416,0.13988465987560872,0.9014141057168523
184,7jkb_A_idx212,EVQLLESGGGLVQPGGSLRLSCAASGFRISDEDMGWVRQAPGKGLEWVSSIYGPSGSTYYADSVKGRFTISRDNSKNTLYLQMNSLRAEDTAVYYCASALEPLSEPLGFWGQGTLVTVSS,EVQLLES-GGGLVQPGGSLRLSCAASG-FRISD-----EDMGWVRQAPGKGLEWVSSIYGP---SGSTYYADSVKGRFTISRDNSKNTLYLQMNSLRAEDTAVYYCASALEPL-------------------SEPLGFWGQGTLVTVSS,0.7906346579943621,0.38506448690704953,0.5800870260125002,0.31961171593817117,0.9265434962749054
185,7tpr_H_idx214,QVQLVESGGGSVQPGGSLRLSCVVSGYTSSSRYMGWFRQVPGKGLEWVSGIKRDGTNTYYADSVKGRFTISQDNAKNTVYLQMNSLKPEDTAMYYCAAGSWYNQWGYSMDYWGKGTQVTVSS,QVQLVES-GGGSVQPGGSLRLSCVVSG-YTSSS-----RYMGWFRQVPGKGLEWVSGIKRD---GTNTYYADSVKGRFTISQDNAKNTVYLQMNSLKPEDTAMYYCAAGSWYNQ-----------------WGYSMDYWGKGTQVTVSS,0.8609405885114016,0.6457716789266004,0.7319581565166254,0.4018609949692077,0.9743105331638547
186,7tpr_D_idx215,AVQLVDSGGGSVQAGGSLRLSCAASGYTYSICTMGWYRQAPGEGLEWVSGINADGSNTHYTDSVKGRFTISRDNAKKTLYLQMNSLKPEDTAIYYCAAHGTYDKYAPCGGFAGTYTYWGQGTQVTVSS,AVQLVDS-GGGSVQAGGSLRLSCAASG-YTYSI-----CTMGWYRQAPGEGLEWVSGINAD---GSNTHYTDSVKGRFTISRDNAKKTLYLQMNSLKPEDTAIYYCAAHGTYDKYAP-----------CGGFAGTYTYWGQGTQVTVSS,0.814144686917742,0.8638202737792693,0.618580754166773,0.38072484574866994,0.9306255827288672
187,7n0r_D_idx216,EVQLQASGGGLVRPGGSLRLSCAASGFTFSSYAMMWVRQAPGKGLEWVSAINGGGGSTSYADSVKGRFTISRDNAKNTLYLQMNSLKPEDTAVYYCAKYQAAVHQEKEDYWGQGTQVTVSS,EVQLQAS-GGGLVRPGGSLRLSCAASG-FTFSS-----YAMMWVRQAPGKGLEWVSAINGG---GGSTSYADSVKGRFTISRDNAKNTLYLQMNSLKPEDTAVYYCAKYQAAVH------------------QEKEDYWGQGTQVTVSS,0.8488807877457497,0.8400047548891393,0.9509332555622327,0.24984611818920277,0.9281827290983861
188,6u53_A_idx217,VQLQQSGGGSVTPGGSLRLSCAASGSISDFAAMAWYRQAPGKERDWVGTIFSAGALLYAEPVKGRFTISRDNAKNTVYLQMNSLKPEDTAVYYCRLYAEAIYWGQGTQVTVSS,-VQLQQS-GGGSVTPGGSLRLSCAASG-SISDF-----AAMAWYRQAPGKERDWVGTIFS----AGALLYAEPVKGRFTISRDNAKNTVYLQMNSLKPEDTAVYYCRLYAE------------------------AIYWGQGTQVTVSS,0.7073369572400687,0.43399023898733813,0.2943119785862265,0.1415003242951962,0.8285510373422711
189,5lwf_C_idx219,VQLQESGGGLVQAGGSLRLSCAASGRTFSNDHMGWFRKAPGKEREFVAAITPGTEKTYYADSVKGRFAFSRDNAKNTVYLQMNSLKPEDTAVYYCVATPYYRGSYYAASTYTYWGQGTQVTVSS,-VQLQES-GGGLVQAGGSLRLSCAASG-RTFSN-----DHMGWFRKAPGKEREFVAAITPG---TEKTYYADSVKGRFAFSRDNAKNTVYLQMNSLKPEDTAVYYCVATPYYRGSY--------------YAASTYTYWGQGTQVTVSS,0.8409596927538949,0.8070367795960124,0.47928110461008144,0.6280934570878631,0.9287515358940266
190,7n9t_D_idx221,HVQLVESGGGLVQAGGSLRLSCAASGSIFSSNAMSWYRQAPGKQRELVASITSGGNADYADSVKGRFTISRDKNTVYPEMSSLKPADTAVYYCHAVGQEASAYAPRAYWGQGTQVTVSS,HVQLVES-GGGLVQAGGSLRLSCAASG-SIFSS-----NAMSWYRQAPGKQRELVASITS----GGNADYADSVKGRFTISRDK--NTVYPEMSSLKPADTAVYYCHAVGQEAS-----------------AYAPRAYWGQGTQVTVSS,0.8439966918147654,0.9777785509444745,0.8353864217130449,0.1713674688456589,0.9408080138296498
191,4w2p_B_idx222,KVQLQESGGGLVQVGGSLRLSCKASGFTFRSSAMGWYRRAPGKQRELVASLTTTGTADYGDFVKGRFTISRDNAENTVDLHMNSLKPEDTAVYYCHEDPYGMESLRYWGQGTQVTVSS,KVQLQES-GGGLVQVGGSLRLSCKASG-FTFRS-----SAMGWYRRAPGKQRELVASLTT----TGTADYGDFVKGRFTISRDNAENTVDLHMNSLKPEDTAVYYCHEDPYGM--------------------ESLRYWGQGTQVTVSS,0.7965569554241334,0.6980823792265746,0.5447644842806487,0.2364457580716336,0.9048616485975653
192,4w2p_D_idx223,VQLQESGGGLVQVGGSLRLSCKASRSSAMGWYRRAQRELVASLTTTGTADYGDFVKGRFTISRDNAENTVDLHMNSLKPEDTAVYYCHEDPYGMESLRYWGQGTQVTVSS,-VQLQES-GGGLVQVGGSLRLSCKAS--RSS--------AMGWYRRAQR---ELVASLTT----TGTADYGDFVKGRFTISRDNAENTVDLHMNSLKPEDTAVYYCHEDPYGM--------------------ESLRYWGQGTQVTVSS,0.7004151437869481,0.24583089641659905,0.5975081090500977,0.46160744904780027,0.7758540694405124
193,4w2p_A_idx224,VQLQESGGGLVQVGGSLRLSCKASGFTFRSSAMGWYRRAPGKQRELVASLTTTGTADYGDFVKGRFTISRDNAENTVDLHMNSLKPEDTAVYYCHEDPYGMESLRYWGQGTQVTVSS,-VQLQES-GGGLVQVGGSLRLSCKASG-FTFRS-----SAMGWYRRAPGKQRELVASLTT----TGTADYGDFVKGRFTISRDNAENTVDLHMNSLKPEDTAVYYCHEDPYGM--------------------ESLRYWGQGTQVTVSS,0.79084397060817,0.697421617766498,0.5371728914105571,0.3268871058017151,0.8875021453198404
194,4w2p_C_idx225,VQLQESGGGLVQVGGSLRLSCKASGFTFRSSAMGWYRRAPGKQRELVASLTTTGTADYGDFVKGRFTISRDNAENTVDLHMNSLKPEDTAVYYCHEDPYGMESLRYWGQGTQVTVSS,-VQLQES-GGGLVQVGGSLRLSCKASG-FTFRS-----SAMGWYRRAPGKQRELVASLTT----TGTADYGDFVKGRFTISRDNAENTVDLHMNSLKPEDTAVYYCHEDPYGM--------------------ESLRYWGQGTQVTVSS,0.79084397060817,0.697421617766498,0.5371728914105571,0.3268871058017151,0.8875021453198404
195,7r74_D_idx226,AVQLVDSGGGLVQAGGSLRLSCVVSGSIFSINAMGWYRQAPGKQRDLVARISGDSSTYYIDSVKGRFTISRDNAANTVYLQMNSLKPEDTAVYYCAARRLPIGDYTDWGQGTQVTVSS,AVQLVDS-GGGLVQAGGSLRLSCVVSG-SIFSI-----NAMGWYRQAPGKQRDLVARISG----DSSTYYIDSVKGRFTISRDNAANTVYLQMNSLKPEDTAVYYCAARRLPI--------------------GDYTDWGQGTQVTVSS,0.8692856048269302,0.9990345246264026,0.7383106866655076,0.514414109130555,0.9127828943885821
196,7dv4_H_idx227,EVQLVESGGGLIQPGGSLRLSCAVSGFTVSKNYMSWVRQAPGKGLEWVSVVYSGGSKTYADSVKGRFTISRDNSKNTLYLQMNSLRAEDTAVYYCARAVPHSPSSFDIWGQGTMVTVSS,EVQLVES-GGGLIQPGGSLRLSCAVSG-FTVSK-----NYMSWVRQAPGKGLEWVSVVYS----GGSKTYADSVKGRFTISRDNSKNTLYLQMNSLRAEDTAVYYCARAVPHS-------------------PSSFDIWGQGTMVTVSS,0.7914550698860355,0.5147124190077036,0.39934990081337074,0.4253885303334448,0.9142486134256951
197,7dv4_D_idx228,EVQLVESGGGLIQPGGSLRLSCAVSGFTVSKNYMSWVRQAPGKGLEWVSVVYSGGSKTYADSVKGRFTISRDNSKNTLYLQMNSLRAEDTAVYYCARAVPHSPSSFDIWGQGTMVTVSS,EVQLVES-GGGLIQPGGSLRLSCAVSG-FTVSK-----NYMSWVRQAPGKGLEWVSVVYS----GGSKTYADSVKGRFTISRDNSKNTLYLQMNSLRAEDTAVYYCARAVPHS-------------------PSSFDIWGQGTMVTVSS,0.7914550698860355,0.5147124190077036,0.39934990081337074,0.4253885303334448,0.9142486134256951
198,7dv4_F_idx229,EVQLVESGGGLIQPGGSLRLSCAVSGFTVSKNYMSWVRQAPGKGLEWVSVVYSGGSKTYADSVKGRFTISRDNSKNTLYLQMNSLRAEDTAVYYCARAVPHSPSSFDIWGQGTMVTVSS,EVQLVES-GGGLIQPGGSLRLSCAVSG-FTVSK-----NYMSWVRQAPGKGLEWVSVVYS----GGSKTYADSVKGRFTISRDNSKNTLYLQMNSLRAEDTAVYYCARAVPHS-------------------PSSFDIWGQGTMVTVSS,0.7914550698860355,0.5147124190077036,0.39934990081337074,0.4253885303334448,0.9142486134256951
199,7spa_B_idx231,QVQLVESGGGLVQAGGSLKVSCAASGRAFKTYRMAWFRQAPGKEREFVSGISALETTYYADSVKGRFTISRDNTKNTVSLQMDSLKPEDTAVYYCAARRYGGTDYTTTGSYDYWGQGTQVTVSS,QVQLVES-GGGLVQAGGSLKVSCAASG-RAFKT-----YRMAWFRQAPGKEREFVSGISA----LETTYYADSVKGRFTISRDNTKNTVSLQMDSLKPEDTAVYYCAARRYGGTDY--------------TTTGSYDYWGQGTQVTVSS,0.8597517881913976,0.6854487905802549,0.5349679728223761,0.6075536490804111,0.9623413225189456
200,7a4d_G_idx235,QVQLQESGGGLVQPGGSLRLSCAAPGFRLDNYVIGWFRQAPGKEREGVSCISSSAGSTYYADSVKGRFTISRDNAKNTVYLQMNSLKPEDTAVYYCATACYSSYVTYWGQGTQVTVSS,QVQLQES-GGGLVQPGGSLRLSCAAPG-FRLDN-----YVIGWFRQAPGKEREGVSCISSS---AGSTYYADSVKGRFTISRDNAKNTVYLQMNSLKPEDTAVYYCATACYS---------------------SYVTYWGQGTQVTVSS,0.9436354713214311,0.776261839743572,0.9832828433922768,0.5857114756347777,0.9993023897312324
201,7a4d_B_idx237,VQLQESGGGLVQPGGSLRLSCAAPGFRLDNYVIGWFRQAPGKEREGVSCISSSAGSTYYADSVKGRFTISRDNAKNTVYLQMNSLKPEDTAVYYCATACYSSYVTYWGQGTQVTVSS,-VQLQES-GGGLVQPGGSLRLSCAAPG-FRLDN-----YVIGWFRQAPGKEREGVSCISSS---AGSTYYADSVKGRFTISRDNAKNTVYLQMNSLKPEDTAVYYCATACYS---------------------SYVTYWGQGTQVTVSS,0.9102415602521554,0.7688553456684526,0.995776273667044,0.6147595656219518,0.950962996295787
202,6tyl_H_idx238,VQLQESGGGLVQPGGSLRLSCAASGIIFRSNGMAWYRQAPGKEREWVASITSFGDAIYRDSVKGRFTISRDNARNAVSLQTNSLKTEDTAVYYCNTYPVNSAWGQGTQVTVSS,-VQLQES-GGGLVQPGGSLRLSCAASG-IIFRS-----NGMAWYRQAPGKEREWVASITS----FGDAIYRDSVKGRFTISRDNARNAVSLQTNSLKTEDTAVYYCNTYPV------------------------NSAWGQGTQVTVSS,0.8189631923698144,0.6837498940312452,0.6565681071383934,0.3146528061191751,0.892587456934532
203,6tyl_C_idx239,VQLQESGGGLVQPGGSLRLSCAASGIIFRSNGMAWYRQAPGKEREWVASITSFGDAIYRDSVKGRFTISRDNARNAVSLQTNSLKTEDTAVYYCNTYPVNSAWGQGTQVTVSS,-VQLQES-GGGLVQPGGSLRLSCAASG-IIFRS-----NGMAWYRQAPGKEREWVASITS----FGDAIYRDSVKGRFTISRDNARNAVSLQTNSLKTEDTAVYYCNTYPV------------------------NSAWGQGTQVTVSS,0.8189631923698144,0.6837498940312452,0.6565681071383934,0.3146528061191751,0.892587456934532
204,6zwk_F_idx243,EVQLVESGGGLVQAGDSLRLSCAASGLTFSRYAMGWFRQAPGNEREFVAVITASGRTTLYADSVKGRFTISRDNAKNTVALQMQSLKPEDTAVYYCAADYGTSRYTRRQSEYEYWGQGTQVTVSS,EVQLVES-GGGLVQAGDSLRLSCAASG-LTFSR-----YAMGWFRQAPGNEREFVAVITAS---GRTTLYADSVKGRFTISRDNAKNTVALQMQSLKPEDTAVYYCAADYGTSRYT--------------RRQSEYEYWGQGTQVTVSS,0.884746653986599,0.9910562970550687,0.6532547068183857,0.6164253661023951,0.9513935231883965
205,6zwk_D_idx244,EVQLVESGGGLVQAGDSLRLSCAASGLTFSRYAMGWFRQAPGNEREFVAVITASGRTTLYADSVKGRFTISRDNAKNTVALQMQSLKPEDTAVYYCAADYGTSRYTRRQSEYEYWGQGTQVTVSS,EVQLVES-GGGLVQAGDSLRLSCAASG-LTFSR-----YAMGWFRQAPGNEREFVAVITAS---GRTTLYADSVKGRFTISRDNAKNTVALQMQSLKPEDTAVYYCAADYGTSRYT--------------RRQSEYEYWGQGTQVTVSS,0.884746653986599,0.9910562970550687,0.6532547068183857,0.6164253661023951,0.9513935231883965
206,6zwk_C_idx245,EVQLVESGGGLVQAGDSLRLSCAASGLTFSRYAMGWFRQAPGNEREFVAVITASGRTTLYADSVKGRFTISRDNAKNTVALQMQSLKPEDTAVYYCAADYGTSRYTRRQSEYEYWGQGTQVTVSS,EVQLVES-GGGLVQAGDSLRLSCAASG-LTFSR-----YAMGWFRQAPGNEREFVAVITAS---GRTTLYADSVKGRFTISRDNAKNTVALQMQSLKPEDTAVYYCAADYGTSRYT--------------RRQSEYEYWGQGTQVTVSS,0.884746653986599,0.9910562970550687,0.6532547068183857,0.6164253661023951,0.9513935231883965
207,4w2q_G_idx246,KVQLQESGGGLVQVGGSLRLSCKASGFTFRSSAMGWYRRAPGKQRELVASLTTTGTADYGDFVKGRFTISRDNAENTVDLHMNSLKPEDTAVYYCHEDPYGMESLRYWGQGTQVTVSS,KVQLQES-GGGLVQVGGSLRLSCKASG-FTFRS-----SAMGWYRRAPGKQRELVASLTT----TGTADYGDFVKGRFTISRDNAENTVDLHMNSLKPEDTAVYYCHEDPYGM--------------------ESLRYWGQGTQVTVSS,0.7965569554241334,0.6980823792265746,0.5447644842806487,0.2364457580716336,0.9048616485975653
208,4w2q_E_idx247,KVQLQESGGGLVQVGGSLRLSCKASGFTFRSSAMGWYRRAPGKQRELVASLTTTGTADYGDFVKGRFTISRDNAENTVDLHMNSLKPEDTAVYYCHEDPYGMESLRYWGQGTQVTVSS,KVQLQES-GGGLVQVGGSLRLSCKASG-FTFRS-----SAMGWYRRAPGKQRELVASLTT----TGTADYGDFVKGRFTISRDNAENTVDLHMNSLKPEDTAVYYCHEDPYGM--------------------ESLRYWGQGTQVTVSS,0.7965569554241334,0.6980823792265746,0.5447644842806487,0.2364457580716336,0.9048616485975653
