ID,Aligned Sequence,Sequence,NanoMelt Tm (C)
7nvm_N_idx750,QVQLVES-GGGLVQAGGSLRLSCGASGTFFRI------NDMGWYRQASGKQRELVASITR----GGTTDYADSVKGRFTISRDNAKNTVYLQMNSLKPEDTAVYYCKANRNWG-------------------REWDDYWGQGTQVTVSS,QVQLVESGGGLVQAGGSLRLSCGASGTFFRINDMGWYRQASGKQRELVASITRGGTTDYADSVKGRFTISRDNAKNTVYLQMNSLKPEDTAVYYCKANRNWGREWDDYWGQGTQVTVSS,67.78
4bfb_E_idx751,QVQLQES-GGGLVQPGGSLRLSCAASGFTFSS------AIMTWVRQAPGKGREWVSTIGSD---GSITTYADSVKGRFTISRDNARNTLYLQMNSLKPEDTAVYYCTSA---------------------------GRRGPGTQVTVSS,QVQLQESGGGLVQPGGSLRLSCAASGFTFSSAIMTWVRQAPGKGREWVSTIGSDGSITTYADSVKGRFTISRDNARNTLYLQMNSLKPEDTAVYYCTSAGRRGPGTQVTVSS,63.5
4bfb_D_idx752,-VQLQES-GGGLVQPGGSLRLSCAASGFTFSS------AIMTWVRQAPGKGREWVSTIGSD---GSITTYADSVKGRFTISRDNARNTLYLQMNSLKPEDTAVYYCTSA---------------------------GRRGPGTQVTVSS,VQLQESGGGLVQPGGSLRLSCAASGFTFSSAIMTWVRQAPGKGREWVSTIGSDGSITTYADSVKGRFTISRDNARNTLYLQMNSLKPEDTAVYYCTSAGRRGPGTQVTVSS,64.26
4pfe_A_idx754,QVQLVES-GGALVQPGGSLRLSCAASGFPVNR------YSMRWYRQAPGKEREWVAGMSSA---GDRSSYEDSVKGRFTISRDDARNTVYLQMNSLKPEDTAVYYCNVNVG------------------------FEYWGQGTQVTVSH,QVQLVESGGALVQPGGSLRLSCAASGFPVNRYSMRWYRQAPGKEREWVAGMSSAGDRSSYEDSVKGRFTISRDDARNTVYLQMNSLKPEDTAVYYCNVNVGFEYWGQGTQVTVSH,66.26
4pfe_B_idx755,QVQLVES-GGALVQPGGSLRLSCAASGFPVNR------YSMRWYRQAPGKEREWVAGMSSA---GDRSSYEDSVKGRFTISRDDARNTVYLQMNSLKPEDTAVYYCNVNVG------------------------FEYWGQGTQVTVSH,QVQLVESGGALVQPGGSLRLSCAASGFPVNRYSMRWYRQAPGKEREWVAGMSSAGDRSSYEDSVKGRFTISRDDARNTVYLQMNSLKPEDTAVYYCNVNVGFEYWGQGTQVTVSH,66.26
6fpv_B_idx757,QVQLVES-GGGLVQAGGSLRLSCAASGSFFSI------NDMGWYRQAPGKQRELVAVISS----GGSTNYADSVEGRSTISSDNAKNTVYLQLSSLKPEDTAVYYCNANVRLREY----------------RTTSYHYWGQGTQVTVSS,QVQLVESGGGLVQAGGSLRLSCAASGSFFSINDMGWYRQAPGKQRELVAVISSGGSTNYADSVEGRSTISSDNAKNTVYLQLSSLKPEDTAVYYCNANVRLREYRTTSYHYWGQGTQVTVSS,65.26
6fpv_A_idx758,QVQLVES-GGGLVQAGGSLRLSCAASGSFFSI------NDMGWYRQAPGKQRELVAVISS----GGSTNYADSVEGRSTISSDNAKNTVYLQLSSLKPEDTAVYYCNANVRLREY----------------RTTSYHYWGQGTQVTVSS,QVQLVESGGGLVQAGGSLRLSCAASGSFFSINDMGWYRQAPGKQRELVAVISSGGSTNYADSVEGRSTISSDNAKNTVYLQLSSLKPEDTAVYYCNANVRLREYRTTSYHYWGQGTQVTVSS,65.26
7a4y_B_idx759,-VQLQES-GGGLVQPGGSLRLSCAASQFTFSS------DWMYWVRQAPGKGLEWVSSISPG---GAATAYAASVKGRFTISRDNAKNTLYLQMNSLKSEDTAVYYCSKTRA------------------------GTGRGQGTQVTVSS,VQLQESGGGLVQPGGSLRLSCAASQFTFSSDWMYWVRQAPGKGLEWVSSISPGGAATAYAASVKGRFTISRDNAKNTLYLQMNSLKSEDTAVYYCSKTRAGTGRGQGTQVTVSS,60.61
7a4y_C_idx760,-VQLQES-GGGLVQPGGSLRLSCAASQFTFSS------DWMYWVRQAPGKGLEWVSSISPG---GAATAYAASVKGRFTISRDNAKNTLYLQMNSLKSEDTAVYYCSKTRA------------------------GTGRGQGTQVTVSS,VQLQESGGGLVQPGGSLRLSCAASQFTFSSDWMYWVRQAPGKGLEWVSSISPGGAATAYAASVKGRFTISRDNAKNTLYLQMNSLKSEDTAVYYCSKTRAGTGRGQGTQVTVSS,60.61
5nlu_A_idx762,QVQLVES-GGGLVQAGGSLRLSCVVSGSAVSD------YAMGWYRQAPGKQRELVAAIYN----SGRTNYVDSVKGRFTISKDNAKKTVYLQMNSLKPEDTADYFCNLLGATT--------------------MSNAVWGQGTQVTVSS,QVQLVESGGGLVQAGGSLRLSCVVSGSAVSDYAMGWYRQAPGKQRELVAAIYNSGRTNYVDSVKGRFTISKDNAKKTVYLQMNSLKPEDTADYFCNLLGATTMSNAVWGQGTQVTVSS,71.01
7djx_A_idx763,QVQLVES-GGGLVQAGGSLRLSCAASGRTFSS------YAMGWFRQAPGKERECVAAMDWS---TSATYYADSVKGRFTISRDNAKNTVYLQMNSLKPEDTAVYYCAADLDYSDYG--------------PFPGDMDYWGKGTQVTVSS,QVQLVESGGGLVQAGGSLRLSCAASGRTFSSYAMGWFRQAPGKERECVAAMDWSTSATYYADSVKGRFTISRDNAKNTVYLQMNSLKPEDTAVYYCAADLDYSDYGPFPGDMDYWGKGTQVTVSS,68.07
7whj_E_idx764,EVQLVES-GGGLVQPGGSLRLSCAASDSSFYD------YEMSWVRQVPGKTPEWIGSMYP----SGRTYINPSLKSLVTISRDNSENMLYLQMNSLRAEDTAMYYCVSNWASG--------------------STGDYWGQGTLVTVSS,EVQLVESGGGLVQPGGSLRLSCAASDSSFYDYEMSWVRQVPGKTPEWIGSMYPSGRTYINPSLKSLVTISRDNSENMLYLQMNSLRAEDTAMYYCVSNWASGSTGDYWGQGTLVTVSS,62.26
6u55_A_idx772,-VQLQES-GGGLVQPGGSLRLSCTASGFTLAE------YGVGWFRQAPGKERELVALIAV----GGTTHSIDSVKGRFTISRDNMKNTVYLQMNSLNVEDTAVYYCNAYSSA---------------------YDRNYWGQGTQVTVSS,VQLQESGGGLVQPGGSLRLSCTASGFTLAEYGVGWFRQAPGKERELVALIAVGGTTHSIDSVKGRFTISRDNMKNTVYLQMNSLNVEDTAVYYCNAYSSAYDRNYWGQGTQVTVSS,68.23
7mfu_B_idx773,QVQLVES-GGGLVQAGGSLRLSCAASGFPVQA------REMEWYRQAPGKEREWVAAIKST---GTYTAYAYSVKGRFTISRDNAKNTVYLQMNSLKPEDTAVYYCYVYVG------------------------SSYIGQGTQVTVSA,QVQLVESGGGLVQAGGSLRLSCAASGFPVQAREMEWYRQAPGKEREWVAAIKSTGTYTAYAYSVKGRFTISRDNAKNTVYLQMNSLKPEDTAVYYCYVYVGSSYIGQGTQVTVSA,54.21
7mfu_F_idx774,QVQLVES-GGGSVQAGGSLRLSCAASGSISSI------TYLGWFRQAPGKEREGVAALITV---NGHTYYADSVKGRFTVSLDNAKNTVYLQMNSLKPEDTALYYCAAAAWGYAWP--------------LHQDDYWYWGQGTQVTVSA,QVQLVESGGGSVQAGGSLRLSCAASGSISSITYLGWFRQAPGKEREGVAALITVNGHTYYADSVKGRFTVSLDNAKNTVYLQMNSLKPEDTALYYCAAAAWGYAWPLHQDDYWYWGQGTQVTVSA,76.1
5vxl_B_idx775,QVQLAES-GGGLVQPGGSLRLSCSASGGVFII------YNMGWYRQAPGKQRELVASIDSY--SGSITNYADSVKGRFTISRDNVEKRVYLEMNNLKPEDTAVYYCNANLR-----------------------TNNYWGQGTQVTVSS,QVQLAESGGGLVQPGGSLRLSCSASGGVFIIYNMGWYRQAPGKQRELVASIDSYSGSITNYADSVKGRFTISRDNVEKRVYLEMNNLKPEDTAVYYCNANLRTNNYWGQGTQVTVSS,67.27
3b9v_A_idx776,EVQLVES-GGGLVQPGGSLRLSCAASGFNIKD------TYIGWVRRAPGKGEEWVASIYPT---NGYTRYADSVKGRFTISADTSKNTAYLQMNSLRAEDTAVYYCARWGGDG-------------------FYAMDYWGQGTLVTVSS,EVQLVESGGGLVQPGGSLRLSCAASGFNIKDTYIGWVRRAPGKGEEWVASIYPTNGYTRYADSVKGRFTISADTSKNTAYLQMNSLRAEDTAVYYCARWGGDGFYAMDYWGQGTLVTVSS,67.67
3b9v_B_idx777,EVQLVES-GGGLVQPGGSLRLSCAASGFNIKD------TYIGWVRRAPGKGEEWVASIYPT---NGYTRYADSVKGRFTISADTSKNTAYLQMNSLRAEDTAVYYCARWGGY----------------------AMDYWGQGTLVTVSS,EVQLVESGGGLVQPGGSLRLSCAASGFNIKDTYIGWVRRAPGKGEEWVASIYPTNGYTRYADSVKGRFTISADTSKNTAYLQMNSLRAEDTAVYYCARWGGYAMDYWGQGTLVTVSS,67.1
3b9v_D_idx778,EVQLVES-GGGLVQPGGSLRLSCAASGFNIKD------TYIGWVRRAPGKGEEWVASIYPT---NGYTRYADSVKGRFTISADTSKNTAYLQMNSLRAEDTAVYYCARWGGF---------------------YAMDYWGQGTLVTVSS,EVQLVESGGGLVQPGGSLRLSCAASGFNIKDTYIGWVRRAPGKGEEWVASIYPTNGYTRYADSVKGRFTISADTSKNTAYLQMNSLRAEDTAVYYCARWGGFYAMDYWGQGTLVTVSS,67.16
7aqg_B_idx779,QVQLVES-GGGLVQPGGRLRLSCAASGFTFRT------YAMQWYRQS-GTERELVAAISNI---GGVTDYGDSVKGRFTISRDNAKTTVYLEMNSLKPEDTATYYCSAVRL-----------------------PQRYWGRGTQVTVSS,QVQLVESGGGLVQPGGRLRLSCAASGFTFRTYAMQWYRQSGTERELVAAISNIGGVTDYGDSVKGRFTISRDNAKTTVYLEMNSLKPEDTATYYCSAVRLPQRYWGRGTQVTVSS,64.66
4pou_B_idx780,QVQLVES-GGGLVQAG-SLRLSCAASGYPHPY------LHMGWFRQAPGKEREGVAAMDSG---GGGTLYADSVKGRFTISRDKGKNTVYLQMDSLKPEDTATYYCAAGGYQLR------------------DRTYGHWGQGTQVTVSS,QVQLVESGGGLVQAGSLRLSCAASGYPHPYLHMGWFRQAPGKEREGVAAMDSGGGGTLYADSVKGRFTISRDKGKNTVYLQMDSLKPEDTATYYCAAGGYQLRDRTYGHWGQGTQVTVSS,64.26
6zqk_C_idx781,EVQLVES-GGGLVQPGGSLRLSCAASGFNIKD------TYIHWVRQAPGKGLEWVARIYPT---NGYTRYADSVKGRFTISADTSKNTAYLQMNSLRAEDTAVYYCSRWFY-----------------------AMDYWGQGTLVTVSS,EVQLVESGGGLVQPGGSLRLSCAASGFNIKDTYIHWVRQAPGKGLEWVARIYPTNGYTRYADSVKGRFTISADTSKNTAYLQMNSLRAEDTAVYYCSRWFYAMDYWGQGTLVTVSS,65.16
6zqk_A_idx782,EVQLVES-GGGLVQPGGSLRLSCAASGFNIKD------TYIHWVRQAPGKGLEWVARIYPT---NGYTRYADSVKGRFTISADTSKNTAYLQMNSLRAEDTAVYYCSRWFY-----------------------AMDYWGQGTLVTVSS,EVQLVESGGGLVQPGGSLRLSCAASGFNIKDTYIHWVRQAPGKGLEWVARIYPTNGYTRYADSVKGRFTISADTSKNTAYLQMNSLRAEDTAVYYCSRWFYAMDYWGQGTLVTVSS,65.16
6zqk_B_idx783,QVQLVQS-GAEVKKPGASVKVSCKASGYSFTG------YFINWVREAPGQGLEWMGHISSS---YATSTYNQKFQGRVTFTVDTSSSTAYMELSSLRSEDTAVYYCVRSGNYE-------------------EYAMDYWGQGTLVTVSS,QVQLVQSGAEVKKPGASVKVSCKASGYSFTGYFINWVREAPGQGLEWMGHISSSYATSTYNQKFQGRVTFTVDTSSSTAYMELSSLRSEDTAVYYCVRSGNYEEYAMDYWGQGTLVTVSS,65.29
6zqk_D_idx784,QVQLVQS-GAEVKKPGASVKVSCKASGYSFTG------YFINWVREAPGQGLEWMGHISSS---YATSTYNQKFQGRVTFTVDTSSSTAYMELSSLRSEDTAVYYCVRSGNYE-------------------EYAMDYWGQGTLVTVSS,QVQLVQSGAEVKKPGASVKVSCKASGYSFTGYFINWVREAPGQGLEWMGHISSSYATSTYNQKFQGRVTFTVDTSSSTAYMELSSLRSEDTAVYYCVRSGNYEEYAMDYWGQGTLVTVSS,65.29
6jb2_A_idx785,DVQLVES-GGGSVQAGGSLRLSCAASGSTDSI------EYMTWFRQAPGKAREGVAALYTH---TGNTYYTDSVKGRFTISQDKAKNMAYLRMDSVKSEDTAIYTCGATRKAVPVRF------------ALDQSSYDYWGQGTQVTVSS,DVQLVESGGGSVQAGGSLRLSCAASGSTDSIEYMTWFRQAPGKAREGVAALYTHTGNTYYTDSVKGRFTISQDKAKNMAYLRMDSVKSEDTAIYTCGATRKAVPVRFALDQSSYDYWGQGTQVTVSS,64.25
6hhd_D_idx786,QVQLQES-GGGLVQPGGSLRLSCAASGRTFSS------YNMGWFRQAPGKGREFVASITSS---GDKSDYTDSVKGRFTISRDNAKNTMYLQMNNLKPEDTATYYCARGLGIYII---------------RARGGYDHWGQGTQVTVSS,QVQLQESGGGLVQPGGSLRLSCAASGRTFSSYNMGWFRQAPGKGREFVASITSSGDKSDYTDSVKGRFTISRDNAKNTMYLQMNNLKPEDTATYYCARGLGIYIIRARGGYDHWGQGTQVTVSS,60.57
6her_B_idx787,QVQLQES-GGGLVQPGGSLRLSCAASGRTFSS------YNMGWFRQAPGKGREFVASITSS---GDKSDYTDSVKGRFTISRDNAKNTMYLQMNNLKPEDTATYYCARGLGIYII---------------RARGGYDHWGQGTQVTVSS,QVQLQESGGGLVQPGGSLRLSCAASGRTFSSYNMGWFRQAPGKGREFVASITSSGDKSDYTDSVKGRFTISRDNAKNTMYLQMNNLKPEDTATYYCARGLGIYIIRARGGYDHWGQGTQVTVSS,60.57
5dfz_E_idx788,QVQLQES-GGGLVQPGGSLRLSCAPSGPFSP-------NSMGWYRQAPGKQRELVAVMTI----DGRTNYQDSVKGRFTISRDYVKNTAYLQMNNLKPDDTAVYICNAETR-----------------------GFMHWGQGTQVTVSS,QVQLQESGGGLVQPGGSLRLSCAPSGPFSPNSMGWYRQAPGKQRELVAVMTIDGRTNYQDSVKGRFTISRDYVKNTAYLQMNNLKPDDTAVYICNAETRGFMHWGQGTQVTVSS,63.41
1op9_A_idx789,QVQLQES-GGGSVQAGGSLRLSCSASGYTY---------ISGWFRQAPGKEREGVAAIRSS---DGTTYYADSVKGRFTISQDNAKNTVYLQMNSLKPEDTAMYYCAATEVAGWP---------------LDIGIYDYWGQGTEVTVSS,QVQLQESGGGSVQAGGSLRLSCSASGYTYISGWFRQAPGKEREGVAAIRSSDGTTYYADSVKGRFTISQDNAKNTVYLQMNSLKPEDTAMYYCAATEVAGWPLDIGIYDYWGQGTEVTVSS,75.52
6gs4_H_idx790,QVQLQES-GGGLVQAGGSLRLSCAGSGRTFSS------YNMGWFRQAPGKEREFVGGISWT---GRSADYPDSVKGRFTISRDNAKNAVYLQMNSLKPEDTAVYYCAAKQYGSRAD--------------YPWDDYDYWGQGTQVTVSS,QVQLQESGGGLVQAGGSLRLSCAGSGRTFSSYNMGWFRQAPGKEREFVGGISWTGRSADYPDSVKGRFTISRDNAKNAVYLQMNSLKPEDTAVYYCAAKQYGSRADYPWDDYDYWGQGTQVTVSS,60.11
4cdg_D_idx791,QVQLQES-GGGLVQAGGSLRLSCAASGIWFSI------NNMAWYRQTPGKQRERIAIITS----AGTTNYVDSVKGRFTISRDDAKNTMYLQMNSLIPEDTAVYYCNLVADYD-------------------MGFQSFWGRGTQVTVSS,QVQLQESGGGLVQAGGSLRLSCAASGIWFSINNMAWYRQTPGKQRERIAIITSAGTTNYVDSVKGRFTISRDDAKNTMYLQMNSLIPEDTAVYYCNLVADYDMGFQSFWGRGTQVTVSS,64.98
5eul_V_idx793,QVQLVET-GGGLVQPGGSLRLSCGASGSIFN-------YAMGWYRQAPGKQREVVARIAT----DDSTMYPDSVKGRFTISRDNAKNTVYLQMNSLKPEDTAVYYCYYQRTV---------------------MSQPYWGQGTQVTVSS,QVQLVETGGGLVQPGGSLRLSCGASGSIFNYAMGWYRQAPGKQREVVARIATDDSTMYPDSVKGRFTISRDNAKNTVYLQMNSLKPEDTAVYYCYYQRTVMSQPYWGQGTQVTVSS,64.22
6qd6_D_idx796,SKALKQAGLAPLNSKGEKLEAHVTTSKYGSLRLSCASTAAMGWFRQAPGKERDFVAGIYV-----GSTYYADSAKGRFTISRDNAKNTVYLQMDSLKPEDTAVYYCAARRRGFTLA-------------PTRANEYDYWGQGTQVTVSS,SKALKQAGLAPLNSKGEKLEAHVTTSKYGSLRLSCASTAAMGWFRQAPGKERDFVAGIYVGSTYYADSAKGRFTISRDNAKNTVYLQMDSLKPEDTAVYYCAARRRGFTLAPTRANEYDYWGQGTQVTVSS,62.38
6qd6_A_idx800,SKALKQAGLAPLNSKGEKLEAHVTTSKYGSLRLSCAASAAMGWFRQAPGKERDFVAGIYWT---VGSTYYADSAKGRFTISRDNAKNTVYLQMDSLKPEDTAVYYCAARRRGFTLA-------------PTRANEYDYWGQGTQVTVSS,SKALKQAGLAPLNSKGEKLEAHVTTSKYGSLRLSCAASAAMGWFRQAPGKERDFVAGIYWTVGSTYYADSAKGRFTISRDNAKNTVYLQMDSLKPEDTAVYYCAARRRGFTLAPTRANEYDYWGQGTQVTVSS,62.44
6qd6_J_idx801,SKALKQAGLAPLNSKGEKLEAHVTTSKYGSLRLSCASTAAMGWFRQAPGKERDFVAGIYWT---VGSTYYADSAKGRFTISRDNAKNTVYLQMDSLKPEDTAVYYCAARRRGFTLA-------------PTRANEYDYWGQGTQVTVSS,SKALKQAGLAPLNSKGEKLEAHVTTSKYGSLRLSCASTAAMGWFRQAPGKERDFVAGIYWTVGSTYYADSAKGRFTISRDNAKNTVYLQMDSLKPEDTAVYYCAARRRGFTLAPTRANEYDYWGQGTQVTVSS,62.69
4hem_F_idx805,QVQLVES-GGGLVQAGGSLRLSCAASESTFSN------YAMGWFRQAPGPEREFVATISQT---GSHTYYRNSVKGRFTISRDNAKNTVYLQMNNMKPEDTAVYYCAAGDNYYYT----------------RTYEYDYWGQGTQVTVSS,QVQLVESGGGLVQAGGSLRLSCAASESTFSNYAMGWFRQAPGPEREFVATISQTGSHTYYRNSVKGRFTISRDNAKNTVYLQMNNMKPEDTAVYYCAAGDNYYYTRTYEYDYWGQGTQVTVSS,67.74
4hem_G_idx806,QVQLVES-GGGLVQAGGSLRLSCAASESTFSN------YAMGWFRQAPER--EFVATISQT---GSHTYYRNSVKGRFTISRDNAKNTVYLQMNNMKPEDTAVYYCAAGDNYYYT----------------RTYEYDYWGQGTQVTVSS,QVQLVESGGGLVQAGGSLRLSCAASESTFSNYAMGWFRQAPEREFVATISQTGSHTYYRNSVKGRFTISRDNAKNTVYLQMNNMKPEDTAVYYCAAGDNYYYTRTYEYDYWGQGTQVTVSS,65.69
6cnw_A_idx807,EVQLVES-GGGLVQPGGSLRLSCAASGFTFST------SWMYWLRQAPGKGLEWVSVINT----DGGTYYADSVKGRFTISRDNSKNTLYLQMNSLRAEDTAVYYCAKDWGG----------------------PEPTRGQGTLVTVSS,EVQLVESGGGLVQPGGSLRLSCAASGFTFSTSWMYWLRQAPGKGLEWVSVINTDGGTYYADSVKGRFTISRDNSKNTLYLQMNSLRAEDTAVYYCAKDWGGPEPTRGQGTLVTVSS,62.87
5ja8_D_idx808,QVQLQES-GGGLVQPGGSLRLSCAASGFTLDY------YAIGWFRQAPGKEREGVSCISSS---GGTTNYADSVKGRFTVSRDNAKNTVYLQMNSLKPEDTAVYYCVADFACPL------------------IREYDYWGQGTQVTVSS,QVQLQESGGGLVQPGGSLRLSCAASGFTLDYYAIGWFRQAPGKEREGVSCISSSGGTTNYADSVKGRFTVSRDNAKNTVYLQMNSLKPEDTAVYYCVADFACPLIREYDYWGQGTQVTVSS,75.19
5ja8_B_idx809,QVQLQES-GGGLVQPGGSLRLSCAASGFTLDY------YAIGWFRQAPGKEREGVSCISSS---GGTTNYADSVKGRFTVSRDNAKNTVYLQMNSLKPEDTAVYYCVADFACPL------------------IREYDYWGQGTQVTVSS,QVQLQESGGGLVQPGGSLRLSCAASGFTLDYYAIGWFRQAPGKEREGVSCISSSGGTTNYADSVKGRFTVSRDNAKNTVYLQMNSLKPEDTAVYYCVADFACPLIREYDYWGQGTQVTVSS,75.19
5ja8_H_idx810,QVQLQES-GGGLVQPGGSLRLSCAASGFTLDY------YAIGWFRQAPGKEREGVSCISSS---GGTTNYADSVKGRFTVSRDNAKNTVYLQMNSLKPEDTAVYYCVADFACPL------------------IREYDYWGQGTQVTVSS,QVQLQESGGGLVQPGGSLRLSCAASGFTLDYYAIGWFRQAPGKEREGVSCISSSGGTTNYADSVKGRFTVSRDNAKNTVYLQMNSLKPEDTAVYYCVADFACPLIREYDYWGQGTQVTVSS,75.19
7dhr_N_idx811,QVQLQES-GG---QPGGSLRLSCAASGFTFSN------YKMNWVRQAPGKGLEWVSDISQS---GASISYTGSVKGRFTISRDNAKNTLYLQMNSLKPEDTAVYYCARCPAPFTRDC-----------FDVTSTTYAYRGQGTQVTVSS,QVQLQESGGQPGGSLRLSCAASGFTFSNYKMNWVRQAPGKGLEWVSDISQSGASISYTGSVKGRFTISRDNAKNTLYLQMNSLKPEDTAVYYCARCPAPFTRDCFDVTSTTYAYRGQGTQVTVSS,60.12
4n9o_B_idx812,AAQLQES-GGGLVQPGGSLRLSCAASGRTFSS------YNMGWFRQAPGKGREFVASITSS---GDKSDYTDSVKGRFTISRDNAKNTMYLQMNNLKPEDTATYYCARGLGIYII---------------RARGGYDHWGQGTQVTVSS,AAQLQESGGGLVQPGGSLRLSCAASGRTFSSYNMGWFRQAPGKGREFVASITSSGDKSDYTDSVKGRFTISRDNAKNTMYLQMNNLKPEDTATYYCARGLGIYIIRARGGYDHWGQGTQVTVSS,60.09
3jbd_7_idx813,QVQLQES-GGGSAQTGGSLRLSCAASGFTFSH------GYMAWFRQAPEKEREWVACVRTS---GVSAYYADSVLGRFTISQDNAKSTLYLQMNNLKPEDTAMYYCAATSISC-------------------SSGYMFWGQGTQVTVSS,QVQLQESGGGSAQTGGSLRLSCAASGFTFSHGYMAWFRQAPEKEREWVACVRTSGVSAYYADSVLGRFTISQDNAKSTLYLQMNNLKPEDTAMYYCAATSISCSSGYMFWGQGTQVTVSS,65.9
6z1z_B_idx814,EVQLVES-GGGLVQAGGSLRLSCAASGRTFSD------YVMGWFRQAPGKERTFVARIGWS---GDLTYYADSVKGRFTISRDNAKNTVYLQMNSLKPEDTAIYYCAADERW---------------------GKFDYWGQGTQVTVSS,EVQLVESGGGLVQAGGSLRLSCAASGRTFSDYVMGWFRQAPGKERTFVARIGWSGDLTYYADSVKGRFTISRDNAKNTVYLQMNSLKPEDTAIYYCAADERWGKFDYWGQGTQVTVSS,72.43
5bop_A_idx815,-VQLQES-GGGLVQAGGSLRLSCAASGGTFST------YGMGWFRQAPGKEREFVAASSWT---GANTYYADSVRGRFTISRDNAKNTVYLEMNSLKPEDTAVYYCAARRWLGGSY--------------FDPGNYDFWGQGTQVTVSS,VQLQESGGGLVQAGGSLRLSCAASGGTFSTYGMGWFRQAPGKEREFVAASSWTGANTYYADSVRGRFTISRDNAKNTVYLEMNSLKPEDTAVYYCAARRWLGGSYFDPGNYDFWGQGTQVTVSS,68.78
3zhk_B_idx816,EVQLVES-GGGLVQPGGSLRLSCAASGFTFSS------YAMSWVRQAPGKGLEWVSAISGS---GGSTYYADSVKGRFTISRDNSKNLLYLQMNSLRAEDTAVYYCARHAPST--------------------EAPDYWGQGTLVTVSS,EVQLVESGGGLVQPGGSLRLSCAASGFTFSSYAMSWVRQAPGKGLEWVSAISGSGGSTYYADSVKGRFTISRDNSKNLLYLQMNSLRAEDTAVYYCARHAPSTEAPDYWGQGTLVTVSS,64.42
7ept_N_idx817,-VQLQES-GGGLVQPGGSLRLSCAASGFTFSN------YKMNWVRQAPGKGLEWVSDISQS---GASISYTGSVKGRFTISRDNAKNTLYLQMNSLKPEDTAVYYCARCPAPFTRDC-----------FDVTSTTYAYRGQGTQVTVSS,VQLQESGGGLVQPGGSLRLSCAASGFTFSNYKMNWVRQAPGKGLEWVSDISQSGASISYTGSVKGRFTISRDNAKNTLYLQMNSLKPEDTAVYYCARCPAPFTRDCFDVTSTTYAYRGQGTQVTVSS,60.29
1zvy_A_idx818,DVQLVES-GGGSVQAGGSLRLSCAASGSTDSI------EYMTWFRQAPGKAREGVAALYTH---TGNTYYTDSVKGRFTISQDKAKNMAYLRMDSVKSEDTAIYTCGATRKYVPVRF------------ALDQSSYDYWGQGTQVTVSS,DVQLVESGGGSVQAGGSLRLSCAASGSTDSIEYMTWFRQAPGKAREGVAALYTHTGNTYYTDSVKGRFTISQDKAKNMAYLRMDSVKSEDTAIYTCGATRKYVPVRFALDQSSYDYWGQGTQVTVSS,64.84
2xv6_D_idx819,QVQLVES-GGGLVQAGGSLRLSCAASGSFFMS------NVMAWYRQAPGKARELIAAIRGG---DMSTVYDDSVKGRFTITRDDDKNILYLQMNDLKPEDTAMYYCKASG--------------------------SSWGQGTQVTVSS,QVQLVESGGGLVQAGGSLRLSCAASGSFFMSNVMAWYRQAPGKARELIAAIRGGDMSTVYDDSVKGRFTITRDDDKNILYLQMNDLKPEDTAMYYCKASGSSWGQGTQVTVSS,69.48
2xt1_B_idx820,QVQLVES-GGGLVQAGGSLRLSCAASGSFFMS------NVMAWYRQAPGKARELIAAIRGG---DMSTVYDDSVKGRFTITRDDDKNILYLQMNDLKPEDTAMYYCKASG--------------------------SSWGQGTQVTVSS,QVQLVESGGGLVQAGGSLRLSCAASGSFFMSNVMAWYRQAPGKARELIAAIRGGDMSTVYDDSVKGRFTITRDDDKNILYLQMNDLKPEDTAMYYCKASGSSWGQGTQVTVSS,69.48
3tpk_A_idx821,EVQLVES-GGGSVQPGGSLRLSCTASGYTFSQ------EFVIWFRQAPGKEREIVSGISLR---KGWTYYADSVKGRFTISQDNAKNTVYLQMNNLKPEDTAMYYCAAAPTATH------------------ALYFDYWGQGTQVTVSS,EVQLVESGGGSVQPGGSLRLSCTASGYTFSQEFVIWFRQAPGKEREIVSGISLRKGWTYYADSVKGRFTISQDNAKNTVYLQMNNLKPEDTAMYYCAAAPTATHALYFDYWGQGTQVTVSS,74.24
7nk6_F_idx822,QVQLQES-GGGLVQPRGSLRLSCAAYT-------------MGWYRQAPLKERELVAT----------VNYADPVKGRFTISRDNNKNTEYLQMSSLQPEDTAVYYC--------------------------------YGQGTQVTVSS,QVQLQESGGGLVQPRGSLRLSCAAYTMGWYRQAPLKERELVATVNYADPVKGRFTISRDNNKNTEYLQMSSLQPEDTAVYYCYGQGTQVTVSS,62.63
1kxv_C_idx823,-VQLVES-GGGTVPAGGSLRLSCAASGNTLCT------YDMSWYRRAPGKGRDFVSGIDN----DGTTTYVDSVAGRFTISQGNAKNTAYLQMDSLKPDDTAMYYCKPSLRYGL-----------------PGCPIIPWGQGTQVTVSS,VQLVESGGGTVPAGGSLRLSCAASGNTLCTYDMSWYRRAPGKGRDFVSGIDNDGTTTYVDSVAGRFTISQGNAKNTAYLQMDSLKPDDTAMYYCKPSLRYGLPGCPIIPWGQGTQVTVSS,57.22
1kxv_D_idx824,QVQLVES-GGGTVPAGGSLRLSCAASGNTLCT------YDMSWYRRAPGKGRDFVSGIDN----DGTTTYVDSVAGRFTISQGNAKNTAYLQMDSLKPDDTAMYYCKPSLRYGL-----------------PGCPIIPWGQGTQVTVSS,QVQLVESGGGTVPAGGSLRLSCAASGNTLCTYDMSWYRRAPGKGRDFVSGIDNDGTTTYVDSVAGRFTISQGNAKNTAYLQMDSLKPDDTAMYYCKPSLRYGLPGCPIIPWGQGTQVTVSS,56.46
7d8b_B_idx825,EVQLVES-GGGLVQPGGSLRLSSAISGFSISS------TSIDWVRQAPGKGLEWVARISPS---SGSTSYADSVKGRFTISADTSKNTVYLQMNSLRAEDTAVYYTGRVAKALNSRSPSF------VVNTYSSIGFDYRGQGTLVTVSS,EVQLVESGGGLVQPGGSLRLSSAISGFSISSTSIDWVRQAPGKGLEWVARISPSSGSTSYADSVKGRFTISADTSKNTVYLQMNSLRAEDTAVYYTGRVAKALNSRSPSFVVNTYSSIGFDYRGQGTLVTVSS,62.04
3p0g_B_idx828,-VQLQES-GGGLVQAGGSLRLSCAASGSIFSI------NTMGWYRQAPGKQRELVAAIHS----GGSTNYANSVKGRFTISRDNAANTVYLQMNSLKPEDTAVYYCNVKDYGAV------------------LYEYDYWGQGTQVTVSS,VQLQESGGGLVQAGGSLRLSCAASGSIFSINTMGWYRQAPGKQRELVAAIHSGGSTNYANSVKGRFTISRDNAANTVYLQMNSLKPEDTAVYYCNVKDYGAVLYEYDYWGQGTQVTVSS,67.81
7my2_D_idx829,-VQLVES-GGGLVQAGGSLRLSCAASGLTFSK------YAMGWFRQAPGKERKFVATISWS---GDSAFYADSVKGRFTISRDNARNTVYLQMNSLKPEDTAVYYCAADRGMGY------------------GDFMDYWGQGTSVTASS,VQLVESGGGLVQAGGSLRLSCAASGLTFSKYAMGWFRQAPGKERKFVATISWSGDSAFYADSVKGRFTISRDNARNTVYLQMNSLKPEDTAVYYCAADRGMGYGDFMDYWGQGTSVTASS,72.21
6eqi_B_idx830,QVQLVES-GGGLVQAGGSLKLSCTTSGRPFST------FDLAWFRQAPGKEREFVSGLRR----GGSTFYADSVSGRFTISGTK--NTLYLQMNSLKPEDTAIYYCARSITGYGLV--------------DSASHYTIWGQGTQVTVSS,QVQLVESGGGLVQAGGSLKLSCTTSGRPFSTFDLAWFRQAPGKEREFVSGLRRGGSTFYADSVSGRFTISGTKNTLYLQMNSLKPEDTAIYYCARSITGYGLVDSASHYTIWGQGTQVTVSS,64.12
5j56_B_idx831,QVQLVES-GGGLVQPGGSLRLSCVASEFSGFTL---DYYAIGWFRQAPGKEREGLSSISSS--SDGFTSYSDSVKGRFTISRDNAKNTVYLQMNSLKPEDTAVYYCAARLGGWAS---------------FSPQEYDYWGQGTQVTVSS,QVQLVESGGGLVQPGGSLRLSCVASEFSGFTLDYYAIGWFRQAPGKEREGLSSISSSSDGFTSYSDSVKGRFTISRDNAKNTVYLQMNSLKPEDTAVYYCAARLGGWASFSPQEYDYWGQGTQVTVSS,73.94
4nc2_B_idx832,QVQLVES-GGGLVQAGGSLRLSCAASGLTFSR------YVMGWFRQAPGKEREFVAAITW----GGTPNYADSVKGRFTISRDNSKNTQYLQMNSLKPEDTAVYYCAAGLGWDSR----------------YSQSYNYWGQGTQVTVSS,QVQLVESGGGLVQAGGSLRLSCAASGLTFSRYVMGWFRQAPGKEREFVAAITWGGTPNYADSVKGRFTISRDNSKNTQYLQMNSLKPEDTAVYYCAAGLGWDSRYSQSYNYWGQGTQVTVSS,72.98
3qxw_B_idx833,QVQLVES-GGGLVQAGGSLRLSCAASRRSSRS------WAMAWFRQAPGKEREFVAKISGD---GRLTTYGDSVKGRFTISRDNAEYLVYLQMDSLKPEDTAVYYCAADDNYVTA---------------SWRSGPDYWGQGTQVTVSS,QVQLVESGGGLVQAGGSLRLSCAASRRSSRSWAMAWFRQAPGKEREFVAKISGDGRLTTYGDSVKGRFTISRDNAEYLVYLQMDSLKPEDTAVYYCAADDNYVTASWRSGPDYWGQGTQVTVSS,67.27
3qxw_C_idx834,-VQLVES-GGGLVQAGGSLRLSCAASRSW----------AMAWFRQAPGKEREFVAKISGD---GRLTTYGDSVKGRFTISRDNAEYLVYLQMDSLKPEDTAVYYCAADDNYVTA---------------SWRSGPDYWGQGTQVTVSS,VQLVESGGGLVQAGGSLRLSCAASRSWAMAWFRQAPGKEREFVAKISGDGRLTTYGDSVKGRFTISRDNAEYLVYLQMDSLKPEDTAVYYCAADDNYVTASWRSGPDYWGQGTQVTVSS,70.11
3qxw_D_idx835,-VQLVES-GGGLVQAGGSLRLSCAASRRSSRS------WAMAWFRQAPGKEREFVAKISGD---GRLTTYGDSVKGRFTISRDNAEYLVYLQMDSLKPEDTAVYYCAADDNYVTA---------------SWRSGPDYWGQGTQVTVSS,VQLVESGGGLVQAGGSLRLSCAASRRSSRSWAMAWFRQAPGKEREFVAKISGDGRLTTYGDSVKGRFTISRDNAEYLVYLQMDSLKPEDTAVYYCAADDNYVTASWRSGPDYWGQGTQVTVSS,67.97
7z1b_E_idx836,QVQLVES-GGGLMQAGGSLRLSCAVSGRTFST------AAMGWFRQAPGKEREFVAAIRWS---GGSAYYADSVKGRFTISRDKAKNTVYLQMNSLKYEDTAVYYCAGFSATRSLLS------------DYATWPYDYWGQGTQVTVSS,QVQLVESGGGLMQAGGSLRLSCAVSGRTFSTAAMGWFRQAPGKEREFVAAIRWSGGSAYYADSVKGRFTISRDKAKNTVYLQMNSLKYEDTAVYYCAGFSATRSLLSDYATWPYDYWGQGTQVTVSS,68.37
1ohq_B_idx838,EVQLLES-GGGLVQPGGSLRLSCAASGFRISD------EDMGWVRQAPGKGLEWVSSIYGP---SGSTYYADSVKGRFTISRDNSKNTLYLQMNSLRAEDTAVYYCASALEPL-------------------SEPLGFWGQGTLVTVSS,EVQLLESGGGLVQPGGSLRLSCAASGFRISDEDMGWVRQAPGKGLEWVSSIYGPSGSTYYADSVKGRFTISRDNSKNTLYLQMNSLRAEDTAVYYCASALEPLSEPLGFWGQGTLVTVSS,64.91
1ohq_A_idx839,EVQLLES-GGGLVQPGGSLRLSCAASGFRISD------EDMGWVRQAPGKGLEWVSSIYGP---SGSTYYADSVKGRFTISRDNSKNTLYLQMNSLRAEDTAVYYCASALEPL-------------------SEPLGFWGQGTLVTVSS,EVQLLESGGGLVQPGGSLRLSCAASGFRISDEDMGWVRQAPGKGLEWVSSIYGPSGSTYYADSVKGRFTISRDNSKNTLYLQMNSLRAEDTAVYYCASALEPLSEPLGFWGQGTLVTVSS,64.91
6gwn_C_idx840,-VQLVES-GGGLVQAGGSLRLSCAASGFTFDD------YSIAWFRQAPGKEREGVSCISSS---DGSAYYADSVKGRFTISSDNAKNTVYLQMNSLKPEDTAVYYCAAVWARVC------------------RNPYDYWGQGTQVTVSS,VQLVESGGGLVQAGGSLRLSCAASGFTFDDYSIAWFRQAPGKEREGVSCISSSDGSAYYADSVKGRFTISSDNAKNTVYLQMNSLKPEDTAVYYCAAVWARVCRNPYDYWGQGTQVTVSS,76.72
1mvf_A_idx842,QVQLVES-GGGSVQAGGSLRLSCAASGFTYSR------KYMGWFRQAPGKEREGVAAIFID---NGNTIYADSVQGRFTISQDNAKNTVYLQMNSLKPEDTAMYYCAASSRWMDYS-------------ALTAKAYNSWGQGTQVTVSS,QVQLVESGGGSVQAGGSLRLSCAASGFTYSRKYMGWFRQAPGKEREGVAAIFIDNGNTIYADSVQGRFTISQDNAKNTVYLQMNSLKPEDTAMYYCAASSRWMDYSALTAKAYNSWGQGTQVTVSS,74.05
4kfz_D_idx843,EVQLLES-GGGLVQPGGSLRLSCAASGFSFSH------SPMNWVRQAPGKGLEWVSYISYN---SSSIYYADSVKGRFTISRDNSKNTLYLQMNSLRAEDTAVYYCARGLTESLE---------------LTADWFDYWGQGTLVTVSS,EVQLLESGGGLVQPGGSLRLSCAASGFSFSHSPMNWVRQAPGKGLEWVSYISYNSSSIYYADSVKGRFTISRDNSKNTLYLQMNSLRAEDTAVYYCARGLTESLELTADWFDYWGQGTLVTVSS,62.43
4kfz_C_idx844,EVQLLES-GGGLVQPGGSLRLSCAASGFSFSH------SPMNWVRQAPGKGLEWVSYISYN---SSSIYYADSVKGRFTISRDNSKNTLYLQMNSLRAEDTAVYYCARGLTESLE---------------LTADWFDYWGQGTLVTVSS,EVQLLESGGGLVQPGGSLRLSCAASGFSFSHSPMNWVRQAPGKGLEWVSYISYNSSSIYYADSVKGRFTISRDNSKNTLYLQMNSLRAEDTAVYYCARGLTESLELTADWFDYWGQGTLVTVSS,62.43
7kgk_B_idx845,QVQLVES-GGGLVQAGGSLRLSCAASGFPVAY------KTMWWYRQAPGKEREWVAAIESY--GIKWTRYADSVKGRFTISRDNAKNTVYLQMNSLKPEDTAVYYCIVWVG------------------------AQYHGQGTQVTVSA,QVQLVESGGGLVQAGGSLRLSCAASGFPVAYKTMWWYRQAPGKEREWVAAIESYGIKWTRYADSVKGRFTISRDNAKNTVYLQMNSLKPEDTAVYYCIVWVGAQYHGQGTQVTVSA,56.22
7dst_E_idx846,-VQLQES-GGGLVQAGGSLRLSCAASGRTFSS------YAMGWFRQAPGSEREFVARISWS---GGSTYYADSVKGRFTISRDNAKNTVYLQMNSLKPEDTAVYYCTAGFAL---------------------PPSDYWGQGTQVTVSS,VQLQESGGGLVQAGGSLRLSCAASGRTFSSYAMGWFRQAPGSEREFVARISWSGGSTYYADSVKGRFTISRDNAKNTVYLQMNSLKPEDTAVYYCTAGFALPPSDYWGQGTQVTVSS,68.79
6qup_B_idx847,QVQLVES-GGGLVQPGGSLRLSCAASGSIFSI------DYMGWYRQAPGKERELVAIKTS----GGTTHYADSVKGRFTISRDNAKNTVYLQMNSLKPDDTAVYYCNARVYF---------------------GDRDYWGQGTQVTVSS,QVQLVESGGGLVQPGGSLRLSCAASGSIFSIDYMGWYRQAPGKERELVAIKTSGGTTHYADSVKGRFTISRDNAKNTVYLQMNSLKPDDTAVYYCNARVYFGDRDYWGQGTQVTVSS,72.89
5hvf_B_idx849,-VQLQES-GGGLVQAGGSLRLSCAASGSIFSP------NAMGWYRQAPGKERELVAARTN-----VGSTYADSVKGRFTVSRDNAKNTVYLQMNSLKPEDTAVYYCNAWGQDGW------------------LGQYDYWGQGTQVTVSS,VQLQESGGGLVQAGGSLRLSCAASGSIFSPNAMGWYRQAPGKERELVAARTNVGSTYADSVKGRFTVSRDNAKNTVYLQMNSLKPEDTAVYYCNAWGQDGWLGQYDYWGQGTQVTVSS,64.72
4y8d_D_idx850,QVQLQES-GGGSVQAGGSLRLSCGASEYTS---------RMGWFRQAPGAEREGVACIHRQ---SNLSYYSDSVRGRFTISQDNAKTTAFLLMSSLKPEDTAIYYCATTTDCAAF---------------VERATAITAGQGTQVTVSS,QVQLQESGGGSVQAGGSLRLSCGASEYTSRMGWFRQAPGAEREGVACIHRQSNLSYYSDSVRGRFTISQDNAKTTAFLLMSSLKPEDTAIYYCATTTDCAAFVERATAITAGQGTQVTVSS,59.83
5o04_C_idx851,QVQLQES-GGGLVQPGGSLRLSCAASGSIFSI------YAMGWYRQ--GKQRELVASISS----GGGTNYADSVKGRFTISGDNAKNTVYLQMNSLKPEDTAVYYCKREDYSAY------------------APPSGSRGRGTQVTVSS,QVQLQESGGGLVQPGGSLRLSCAASGSIFSIYAMGWYRQGKQRELVASISSGGGTNYADSVKGRFTISGDNAKNTVYLQMNSLKPEDTAVYYCKREDYSAYAPPSGSRGRGTQVTVSS,59.36
5o04_D_idx852,QVQLQES-GGGLVQPGGSLRLSCAASGSIFSI------YAMGWYRQAPGKQRELVASISS----GGGTNYADSVKGRFTISGDNAKNTVYLQMNSLKPEDTAVYYCKREDYSAY------------------APPSGSRGRGTQVTVSS,QVQLQESGGGLVQPGGSLRLSCAASGSIFSIYAMGWYRQAPGKQRELVASISSGGGTNYADSVKGRFTISGDNAKNTVYLQMNSLKPEDTAVYYCKREDYSAYAPPSGSRGRGTQVTVSS,60.42
5o04_E_idx854,QVQLQES-GGGLVQP--SLRLSCTAPRIIFFM------YDVGWYRQAPEKQRELVAQINS----DVSTKYADSVKGRFTISRDNAKRTVYLQMNDLKPEDAAVYYCNVRRA-----------------------SADYWGQGTQVTVSS,QVQLQESGGGLVQPSLRLSCTAPRIIFFMYDVGWYRQAPEKQRELVAQINSDVSTKYADSVKGRFTISRDNAKRTVYLQMNDLKPEDAAVYYCNVRRASADYWGQGTQVTVSS,62.44
6gjq_F_idx855,QVQLQES-GGGLEQPGGSLRLSCATSGVIFGI------NAMGWYRQAPGKQRELVATFTS----GGSTNYADFVEGRFTISRDNAKNTVYLQMNGLRPEDTAVYYCHATVVVSR-----------------YGLTYDYWGQGTQVTVSS,QVQLQESGGGLEQPGGSLRLSCATSGVIFGINAMGWYRQAPGKQRELVATFTSGGSTNYADFVEGRFTISRDNAKNTVYLQMNGLRPEDTAVYYCHATVVVSRYGLTYDYWGQGTQVTVSS,68.49
4ksd_B_idx856,QVQLQES-GGGLVQAGGSLRLSCAASGRTFNS------AVMGWFRQAPGKERQFVATIDWS---GEYTYYADSVKGRFTISRDNAKNTVYLQMTSLKPEDTALYYCAARLTL---------------------GQFDYWGQGTQVTVSS,QVQLQESGGGLVQAGGSLRLSCAASGRTFNSAVMGWFRQAPGKERQFVATIDWSGEYTYYADSVKGRFTISRDNAKNTVYLQMTSLKPEDTALYYCAARLTLGQFDYWGQGTQVTVSS,70.97
6dbe_B_idx857,-VKLEES-GGGLVQAGGSLRLSCAASGSSI--------YTMGWFRQAPGKEREFVADISWN---GGSTYYADSVKGRFTIYRDN--YTVYLQMNSLKPEDTAVYYCNADDLM---------------------IDRDYWGQGTQVTVSS,VKLEESGGGLVQAGGSLRLSCAASGSSIYTMGWFRQAPGKEREFVADISWNGGSTYYADSVKGRFTIYRDNYTVYLQMNSLKPEDTAVYYCNADDLMIDRDYWGQGTQVTVSS,69.97
6dbe_A_idx858,-VKLEES-GGGLVQAGGSLRLSCAASGTFSI-------YTMGWFRQAPGKEREFVADISWN---GGSTYYADSVKGRFTIYRDNYKNTVYLQMNSLKPEDTAVYYCNADDLM---------------------IDRDYWGQGTQVTVSS,VKLEESGGGLVQAGGSLRLSCAASGTFSIYTMGWFRQAPGKEREFVADISWNGGSTYYADSVKGRFTIYRDNYKNTVYLQMNSLKPEDTAVYYCNADDLMIDRDYWGQGTQVTVSS,70.21
4dka_B_idx859,QVQLQES-GGGLVQAGGSLRLSCAASGRTSSL------YSMGWFRQAPGKEREFVAAISRN---GANTYYTDSVKGRFTISRDNAKNTVELQMNSLKPEDTAVYYCAADRFPTMEVV------------TIMTNEYDYWGQGTQVTVSS,QVQLQESGGGLVQAGGSLRLSCAASGRTSSLYSMGWFRQAPGKEREFVAAISRNGANTYYTDSVKGRFTISRDNAKNTVELQMNSLKPEDTAVYYCAADRFPTMEVVTIMTNEYDYWGQGTQVTVSS,67.57
1zmy_A_idx860,QVQLVES-GGGSVQAGGSLRLSCTASGYTIGP------YCMGWFRQAPGGEREAVAAINMG---GGITYYADSVKGRFTISRDNAKNTVTLQMNSLKPEDTAMYYCAADSTIYASYYECG------HGLSTGGYGYDSWGQGTQVTVSS,QVQLVESGGGSVQAGGSLRLSCTASGYTIGPYCMGWFRQAPGGEREAVAAINMGGGITYYADSVKGRFTISRDNAKNTVTLQMNSLKPEDTAMYYCAADSTIYASYYECGHGLSTGGYGYDSWGQGTQVTVSS,70.5
5tsj_1_idx861,EVQLLES-GGGLVQPGGSLRLSCAASGFTFST------YMMSWVRQAPGKGLEWVSSIEGS---GSKTYYADSVKGRFTISRDNSKNTLYLQMNSLRAEDTAVYYCAKRDSS---------------------FGFDYWGQGTLVTVSS,EVQLLESGGGLVQPGGSLRLSCAASGFTFSTYMMSWVRQAPGKGLEWVSSIEGSGSKTYYADSVKGRFTISRDNSKNTLYLQMNSLRAEDTAVYYCAKRDSSFGFDYWGQGTLVTVSS,63.72
6vbg_C_idx862,QVQLVES-GGGLVQAGDSLRLSCAASGRPFSN------YAMGWFRQAPGKERERVASINWS---GTDTDYADSVKGRFTISRDNAKRTLYLQMNTLKPEDTAVYYCAARVGV----------------------DYKYWGQGTQVTVSS,QVQLVESGGGLVQAGDSLRLSCAASGRPFSNYAMGWFRQAPGKERERVASINWSGTDTDYADSVKGRFTISRDNAKRTLYLQMNTLKPEDTAVYYCAARVGVDYKYWGQGTQVTVSS,63.5
6vbg_D_idx863,QVQLVES-GGGLVQAGDSLRLSCAASGRPFSN------YAMGWFRQAPGKERERVASINWS---GTDTDYADSVKGRFTISRDNAKRTLYLQMNTLKPEDTAVYYCAARVGV----------------------DYKYWGQGTQVTVSS,QVQLVESGGGLVQAGDSLRLSCAASGRPFSNYAMGWFRQAPGKERERVASINWSGTDTDYADSVKGRFTISRDNAKRTLYLQMNTLKPEDTAVYYCAARVGVDYKYWGQGTQVTVSS,63.5
1rjc_A_idx864,-VQLQAS-GGGSVQAGQSLRLSCATSATSSS-------NCMGWFRQAPGKEREGVAVIDTG---RGNTAYADSVQGRLTISLDN--NTLYLQMNSLKPEDTAMYYCAADTSTWYRGY-----------CGTNPNYFSYWGQGTQVTVSS,VQLQASGGGSVQAGQSLRLSCATSATSSSNCMGWFRQAPGKEREGVAVIDTGRGNTAYADSVQGRLTISLDNNTLYLQMNSLKPEDTAMYYCAADTSTWYRGYCGTNPNYFSYWGQGTQVTVSS,60.68
4x7c_D_idx865,DVQLVES-GGGLVQPGGSLRLSCAASGSIFSI------YAMGWYRQAPGKQRELVASISS----GGGTNYADSVKGRFTISGDNAKNTVYLQMNSLKPEDTAVYYCKREDYSAY------------------APPSGSRGRGTQVTVSS,DVQLVESGGGLVQPGGSLRLSCAASGSIFSIYAMGWYRQAPGKQRELVASISSGGGTNYADSVKGRFTISGDNAKNTVYLQMNSLKPEDTAVYYCKREDYSAYAPPSGSRGRGTQVTVSS,62.76
5jmr_B_idx866,QVQLQES-GGGLVQPGGSLTLSCAASGFTFSS------YSMYWVRQAPGKGLEWVSSINRV---GSNTDYADSVKGRFTISRDNAKNTLYLQMNSLKSEDTALYYCAVGMYA----------------------APPWRGQGTQVTVSS,QVQLQESGGGLVQPGGSLTLSCAASGFTFSSYSMYWVRQAPGKGLEWVSSINRVGSNTDYADSVKGRFTISRDNAKNTLYLQMNSLKSEDTALYYCAVGMYAAPPWRGQGTQVTVSS,60.73
7zmp_C_idx867,QVQLVEN-GGGNVQAGGSLRLSCAASGSIFSI------NRMTWYRQAPGKEREWVAAITS----GGSTNYADSVKGRFTISRDSAKGTVYLQMNSLKPEDTAVYYCEAYGTYTLAP-------------TGEGEYDDYWGQGTQVTVSS,QVQLVENGGGNVQAGGSLRLSCAASGSIFSINRMTWYRQAPGKEREWVAAITSGGSTNYADSVKGRFTISRDSAKGTVYLQMNSLKPEDTAVYYCEAYGTYTLAPTGEGEYDDYWGQGTQVTVSS,70.6
7p60_H_idx868,QVQLVES-GGGSVQAGGSLRLSCAASGYIYQI------EYLGWFRQAPGKEREGVAALATW---NGQTYYADSVKGRFTVSLDNAKNTVYLQMNSLKPEDTALYYCAAAYEGDTSP--------------LYYEEYGYWGQGTQVTVSS,QVQLVESGGGSVQAGGSLRLSCAASGYIYQIEYLGWFRQAPGKEREGVAALATWNGQTYYADSVKGRFTVSLDNAKNTVYLQMNSLKPEDTALYYCAAAYEGDTSPLYYEEYGYWGQGTQVTVSS,72.86
7nis_F_idx869,-VQLQES-GGGLVQAGASLRLSCAAF--------------MGWFRQAPGQEREFVAAI---------TYYADSAKGRFTISRDSAKNTVYLQMNSLKPEDTAVYYCAAT----------------------------YWGQGTQVTVSS,VQLQESGGGLVQAGASLRLSCAAFMGWFRQAPGQEREFVAAITYYADSAKGRFTISRDSAKNTVYLQMNSLKPEDTAVYYCAATYWGQGTQVTVSS,64.06
1xfp_A_idx870,-VQLQAS-GGGSVQAGGSLRLSCAASGYTIGP------YCMGWFRQAPGKEREGVAAINSG---GGSTYYADSVKGRFTISQDNAKNTVYLLMNSLEPEDTAIYYCAADSTIYASYYECG------HGLSTGGYGYDSWGQGTQVTVSS,VQLQASGGGSVQAGGSLRLSCAASGYTIGPYCMGWFRQAPGKEREGVAAINSGGGSTYYADSVKGRFTISQDNAKNTVYLLMNSLEPEDTAIYYCAADSTIYASYYECGHGLSTGGYGYDSWGQGTQVTVSS,64.49
4nbz_B_idx871,-VKLEES-GGGLVQAGGSLRLSCAASERTFSR------YPVAWFRQAPGAEREFVAVISST---GTSTYYADSVKGRFTISRDNAKVTVYLQMNNLKREDTAVYFCAVNSQRTRL---------------QDPNEYDYWGQGTQVTVSS,VKLEESGGGLVQAGGSLRLSCAASERTFSRYPVAWFRQAPGAEREFVAVISSTGTSTYYADSVKGRFTISRDNAKVTVYLQMNNLKREDTAVYFCAVNSQRTRLQDPNEYDYWGQGTQVTVSS,78.21
6u54_A_idx872,-VQLQQS-GGGSVTPGGSLRLSCAASGSISDF------AAMAWYRQAPGKERDWVGTIFS----AGALLYAEPVKGRFTISRDNAKNTVYLQMNSLKPEDTAVYYCRLYAE------------------------AIYWGQGTQVTVSS,VQLQQSGGGSVTPGGSLRLSCAASGSISDFAAMAWYRQAPGKERDWVGTIFSAGALLYAEPVKGRFTISRDNAKNTVYLQMNSLKPEDTAVYYCRLYAEAIYWGQGTQVTVSS,64.89
6z10_B_idx873,EVQLVES-GGGLVQPGGSLRLSCEASGTLAN-------YAIGWFRQAPGKEREGVSCISS----GGSTVYSESVKDRFTISRDNAKKIVYLQMNSLQPEDTAVYYCAADPFGERLCID----------PNTFAGYLETWGQGTQVTVSS,EVQLVESGGGLVQPGGSLRLSCEASGTLANYAIGWFRQAPGKEREGVSCISSGGSTVYSESVKDRFTISRDNAKKIVYLQMNSLQPEDTAVYYCAADPFGERLCIDPNTFAGYLETWGQGTQVTVSS,71.77
6rqm_B_idx874,QVQLVES-GGGLVQPGGSLRLSCAASGYIYSA------YCMGWFRQAPGKGLEGVAAIYIG---GGSTYYADSVKGRFTISRDNSKNTLYLQMNSLRAEDTAVYYCAADVIPTETCL-----------GGSWSGPFGYWGQGTLVTVSS,QVQLVESGGGLVQPGGSLRLSCAASGYIYSAYCMGWFRQAPGKGLEGVAAIYIGGGSTYYADSVKGRFTISRDNSKNTLYLQMNSLRAEDTAVYYCAADVIPTETCLGGSWSGPFGYWGQGTLVTVSS,70.53
6rty_B_idx875,QVQLQES-GGGLVQPGGSLRLSCAASSIN----------VMGWYRQAPGKPRELVAEITS----SGTTNYADSVKGRFSISRDNAKNTVPLQMNSLKPEDTAIYYCSAVLVRFG------------------GLRRSYWGQGTQVTVSS,QVQLQESGGGLVQPGGSLRLSCAASSINVMGWYRQAPGKPRELVAEITSSGTTNYADSVKGRFSISRDNAKNTVPLQMNSLKPEDTAIYYCSAVLVRFGGLRRSYWGQGTQVTVSS,63.79
4hjj_H_idx876,EVTLRES-GPALVKPTQTLTLTCTFSGFSLSKS----VMGVSWIRQPPGKALEWLAHIYW----DDDKYYNPSLSARLTISKDTSKNQVVLTMTNMDPVDTATYYCARRGIR---------------------SAMDYWGQGTTVTVSS,EVTLRESGPALVKPTQTLTLTCTFSGFSLSKSVMGVSWIRQPPGKALEWLAHIYWDDDKYYNPSLSARLTISKDTSKNQVVLTMTNMDPVDTATYYCARRGIRSAMDYWGQGTTVTVSS,62.56
5m15_C_idx877,QVQLVES-GGGSVQAGGSLRLSCAASGKIHEI------GYLGWFRQAPGKEREGVAALMTF---QGQTYYADSVKGRFTVSLDNAKNTVYLQMNSLKPEDTALYYCAAAYWGKQSP--------------LISWDYSYWGQGTQVTVSA,QVQLVESGGGSVQAGGSLRLSCAASGKIHEIGYLGWFRQAPGKEREGVAALMTFQGQTYYADSVKGRFTVSLDNAKNTVYLQMNSLKPEDTALYYCAAAYWGKQSPLISWDYSYWGQGTQVTVSA,71.91
5m15_D_idx878,QVQLVES-GGGSVQAGGSLRLSCAASGKIHEI------GYLGWFRQAPGKEREGVAALMTF---QGQTYYADSVKGRFTVSLDNAKNTVYLQMNSLKPEDTALYYCAAAYWGKQSP--------------LISWDYSYWGQGTQVTVSA,QVQLVESGGGSVQAGGSLRLSCAASGKIHEIGYLGWFRQAPGKEREGVAALMTFQGQTYYADSVKGRFTVSLDNAKNTVYLQMNSLKPEDTALYYCAAAYWGKQSPLISWDYSYWGQGTQVTVSA,71.91
7kbk_C_idx881,-LQLAES-GGGLVQAGGSLNLSCIASRRTLST------SFMAWFRQVPGKEREFVAALRSS---DGRPYYGDSVKGRFTVSRDN--ATVYLQMNSLKPEDTAIYYCALNRGYSGTGY------------PSKQYEYNDWGQGTQVTVSS,LQLAESGGGLVQAGGSLNLSCIASRRTLSTSFMAWFRQVPGKEREFVAALRSSDGRPYYGDSVKGRFTVSRDNATVYLQMNSLKPEDTAIYYCALNRGYSGTGYPSKQYEYNDWGQGTQVTVSS,61.69
4ios_E_idx882,-VQLVES-GGGLVQAGDSLRLSCAVSGRSN---------VIGWFRQAPGKEREFVAAISWS---TGSTYYGRSMKGRCAASRDNAKNTVALQLNSLKPEDTAVYYCAATLDWGKT----------------LSDEYDYWGQGTQVTVSS,VQLVESGGGLVQAGDSLRLSCAVSGRSNVIGWFRQAPGKEREFVAAISWSTGSTYYGRSMKGRCAASRDNAKNTVALQLNSLKPEDTAVYYCAATLDWGKTLSDEYDYWGQGTQVTVSS,65.22
4ios_F_idx883,-VQLVES-GGGLVQAGDSLRLSCAVSGSN----------VIGWFRQAPGKEREFVAAISWS---TGSTYYGRSMKGRCAASRDK--NTVALQLNSLKPEDTAVYYCAATLDWGKT----------------LSDEYDYWGQGTQVTVSS,VQLVESGGGLVQAGDSLRLSCAVSGSNVIGWFRQAPGKEREFVAAISWSTGSTYYGRSMKGRCAASRDKNTVALQLNSLKPEDTAVYYCAATLDWGKTLSDEYDYWGQGTQVTVSS,66.08
4ios_D_idx884,-VQLVES-GGGLVQAGDSLRLSCAVSSNV-----------IGWFRQAPGKEREFVAAISWS---TGSTYYGRSMKGRCAASRDN---TVALQLNSLKPEDTAVYYCAATLDWGKT----------------LSDEYDYWGQGTQVTVSS,VQLVESGGGLVQAGDSLRLSCAVSSNVIGWFRQAPGKEREFVAAISWSTGSTYYGRSMKGRCAASRDNTVALQLNSLKPEDTAVYYCAATLDWGKTLSDEYDYWGQGTQVTVSS,64.31
4ios_G_idx885,-VQLVES-GGGLVQAGDSLRLSCAVSGRSN---------VIGWFRQAPGKEREFVAAISWS---TGSTYYGRSMKGRCAASRDNAKNTVALQLNSLKPEDTAVYYCAATLDWGKT----------------LSDEYDYWGQGTQVTVSS,VQLVESGGGLVQAGDSLRLSCAVSGRSNVIGWFRQAPGKEREFVAAISWSTGSTYYGRSMKGRCAASRDNAKNTVALQLNSLKPEDTAVYYCAATLDWGKTLSDEYDYWGQGTQVTVSS,65.22
7rby_B_idx886,DVQLQES-GGGLVQPGGSLRLSCAASGLTLDY------YAIGWFRQAPGKEREGVSCISSS---DGSTYYADSVKGRFTTSRDNAKNTVYLQMNSLKPEDTAVYYCAAVPSTYYSGTY---------YYTCHPGGMDYWGKGTQVTVSS,DVQLQESGGGLVQPGGSLRLSCAASGLTLDYYAIGWFRQAPGKEREGVSCISSSDGSTYYADSVKGRFTTSRDNAKNTVYLQMNSLKPEDTAVYYCAAVPSTYYSGTYYYTCHPGGMDYWGKGTQVTVSS,74.71
5whz_H_idx887,EVRLVES-GGGLVKPGGSLRLSCSASGFDFDN------AWMTWVRQPPGKGLEWVGRITGPG-EGWSVDYAESVKGRFTISRDNTKNTLYLEMNNVRTEDTGYYFCARTGKYYDFWSG----------YPPGEEYFQDWGQGTLVIVSS,EVRLVESGGGLVKPGGSLRLSCSASGFDFDNAWMTWVRQPPGKGLEWVGRITGPGEGWSVDYAESVKGRFTISRDNTKNTLYLEMNNVRTEDTGYYFCARTGKYYDFWSGYPPGEEYFQDWGQGTLVIVSS,65.5
7r4r_D_idx891,QVQLVES-GGGSVQAGGSLRLSCAASGYTYST------CRKGWYRQAPGKERELVASITA----DGATYYLDSVKGRLTISQDNAKNTVYLQMNSLKPEDTAVYYCAASVKDF-------------------TCTFNSWGQGTQVTVSS,QVQLVESGGGSVQAGGSLRLSCAASGYTYSTCRKGWYRQAPGKERELVASITADGATYYLDSVKGRLTISQDNAKNTVYLQMNSLKPEDTAVYYCAASVKDFTCTFNSWGQGTQVTVSS,75.22
5omn_C_idx892,QVQLQES-GGGLVQPGGSLRLSCAASGTIFSR------NIMGWYRQAPGKERELVASIYS----DRSTWYAESVEGRFTISRDNVKNTLYLQMNSLKPEDTAMYYCRDRT-------------------------LGSWGQGTQVTVSS,QVQLQESGGGLVQPGGSLRLSCAASGTIFSRNIMGWYRQAPGKERELVASIYSDRSTWYAESVEGRFTISRDNVKNTLYLQMNSLKPEDTAMYYCRDRTLGSWGQGTQVTVSS,62.63
6lz2_D_idx893,-VQLVES-GGGLVQAGGSLRLSCAASGFPVGR------ASMWWYRQAPGKEREWVAAISSY---GWVTAYADSVKGRFTISRDNAKNTVYLQMNSLKPEDTAVYYCEVSVG------------------------TGYRGQGTQVTVSA,VQLVESGGGLVQAGGSLRLSCAASGFPVGRASMWWYRQAPGKEREWVAAISSYGWVTAYADSVKGRFTISRDNAKNTVYLQMNSLKPEDTAVYYCEVSVGTGYRGQGTQVTVSA,62.2
6lz2_B_idx894,QVQLVES-GGGLVQAGGSLRLSCAASGFPVGR------ASMWWYRQAPGKEREWVAAISSY---GWVTAYADSVKGRFTISRDNAKNTVYLQMNSLKPEDTAVYYCEVSVG------------------------TGYRGQGTQVTVSA,QVQLVESGGGLVQAGGSLRLSCAASGFPVGRASMWWYRQAPGKEREWVAAISSYGWVTAYADSVKGRFTISRDNAKNTVYLQMNSLKPEDTAVYYCEVSVGTGYRGQGTQVTVSA,61.75
5lhr_B_idx895,-VQLQES-GGGLVQAGGSLRLSCAASSSY----------VMGWFRQAPGKEREFVAAISWS---GGSTNYADSVKGRFTISRDNAKNTVYLQMNSLKPEDTAVYYCAADLASSR------------------DVSSWYWGQGTQVTVSS,VQLQESGGGLVQAGGSLRLSCAASSSYVMGWFRQAPGKEREFVAAISWSGGSTNYADSVKGRFTISRDNAKNTVYLQMNSLKPEDTAVYYCAADLASSRDVSSWYWGQGTQVTVSS,70.73
7zmn_K_idx896,QVQLVEN-GGGCVQATGSLRLSCAASGSIFSI------NRMTWYRQAPGKEREWVAAITS----GGSTNYADSVKGRFTISRDSAKGTVYLQMNSLKPEDTAVYYCEAYGTYTLAP-------------TGEGEYDDYWGQGTQVTVSS,QVQLVENGGGCVQATGSLRLSCAASGSIFSINRMTWYRQAPGKEREWVAAITSGGSTNYADSVKGRFTISRDSAKGTVYLQMNSLKPEDTAVYYCEAYGTYTLAPTGEGEYDDYWGQGTQVTVSS,71.03
6xw7_C_idx897,QVQLQES-GGGLVEAGGSLRLSCLGSGLTFSR------YAMGWFRQAPGKEREFVASITRS---GGSPNYADSVKGRFTISRDNAKNTVYLQMSSLKPEDTAVYYCAGRGSV----------------------YYDVWGQGTQVTVSS,QVQLQESGGGLVEAGGSLRLSCLGSGLTFSRYAMGWFRQAPGKEREFVASITRSGGSPNYADSVKGRFTISRDNAKNTVYLQMSSLKPEDTAVYYCAGRGSVYYDVWGQGTQVTVSS,68.53
6xw7_H_idx898,-VQLQES-GGGLVEAGGSLRLSCLGSGLTFSR------YAMGWFRQAPGKEREFVASITRS---GGSPNYADSVKGRFTISRDNAKNTVYLQMSSLKPEDTAVYYCAGRGSV----------------------YYDVWGQGTQVTVSS,VQLQESGGGLVEAGGSLRLSCLGSGLTFSRYAMGWFRQAPGKEREFVASITRSGGSPNYADSVKGRFTISRDNAKNTVYLQMSSLKPEDTAVYYCAGRGSVYYDVWGQGTQVTVSS,69.0
7qbe_E_idx899,-LQLVES-GGGLVQAGGSLRLSCTASGRTG---------TMGWFRQGPGKEREFVASHKWV---AGSTYYADSVKGRFTISRDNAKNTLYLQMNSLKSEDTAVYYCAASSQIFYGA-------------TTSIKDFNSWGKGTRVTVSS,LQLVESGGGLVQAGGSLRLSCTASGRTGTMGWFRQGPGKEREFVASHKWVAGSTYYADSVKGRFTISRDNAKNTLYLQMNSLKSEDTAVYYCAASSQIFYGATTSIKDFNSWGKGTRVTVSS,70.12
1shm_D_idx900,-VQLQES-GGGLVQAGGSLRLSCAASSTY----------DMGWFRQAPGKERESVAAINWG---SAGTYYASSVRGRFTISRDNAKKTVYLQMNSLKPEDTAVYTCGAGRIE---------------------SWVTWWGQGTQVTVSS,VQLQESGGGLVQAGGSLRLSCAASSTYDMGWFRQAPGKERESVAAINWGSAGTYYASSVRGRFTISRDNAKKTVYLQMNSLKPEDTAVYTCGAGRIESWVTWWGQGTQVTVSS,57.14
1shm_B_idx901,-VQLQES-GGGLVQAGGSLRLSCAASGATGST------YDMGWFRQAPGKERESVAAINWG---SAGTYYASSVRGRFTISRDNAKKTVYLQMNSLKPEDTAVYTCGAGRIE---------------------SWVTWWGQGTQVTVSS,VQLQESGGGLVQAGGSLRLSCAASGATGSTYDMGWFRQAPGKERESVAAINWGSAGTYYASSVRGRFTISRDNAKKTVYLQMNSLKPEDTAVYTCGAGRIESWVTWWGQGTQVTVSS,57.25
1shm_A_idx902,-VQLQES-GGGLVQAGGSLRLSCAASGATGST------YDMGWFRQAPGKERESVAAINWG---SAGTYYASSVRGRFTISRDNAKKTVYLQMNSLKPEDTAVYTCGAGRIRE--------------------SWVTWWGQGTQVTVSS,VQLQESGGGLVQAGGSLRLSCAASGATGSTYDMGWFRQAPGKERESVAAINWGSAGTYYASSVRGRFTISRDNAKKTVYLQMNSLKPEDTAVYTCGAGRIRESWVTWWGQGTQVTVSS,57.1
7lx5_C_idx903,-VQLQES-GGGLVQPGGSLRLSCAVSGFTLDY------YAIGWFRQAPGKEREGVSCISSS---GGNTKYADSVKGRFTASRDNAKNTFYLQMNSLKPEDTAVYYCAAIAATYYSGSY---------YFQCPHDGMDYWGKGTQVTVSS,VQLQESGGGLVQPGGSLRLSCAVSGFTLDYYAIGWFRQAPGKEREGVSCISSSGGNTKYADSVKGRFTASRDNAKNTFYLQMNSLKPEDTAVYYCAAIAATYYSGSYYFQCPHDGMDYWGKGTQVTVSS,75.78
7lx5_A_idx904,QVQLQES-GGGLVQPGGSLRLSCAASGFTFRR------YLMGWARQVPGKGLEWVSGIYS----DGSTYYADSVKGRFTISRDNAKNTVYLQMNSLKPEDTAVYYCAKDRMDGST---------------WPERDFGSWGQGTQVTVSS,QVQLQESGGGLVQPGGSLRLSCAASGFTFRRYLMGWARQVPGKGLEWVSGIYSDGSTYYADSVKGRFTISRDNAKNTVYLQMNSLKPEDTAVYYCAKDRMDGSTWPERDFGSWGQGTQVTVSS,63.91
6csy_N_idx905,QVQLQES-GGGLVQPGGSLRLSCAASGFAFSS------YELRWYRQAPGKQHELVAGITT----GGNTYYADSVKGRFTISRDNAKNTVYLQMSNLRPEDTAVYACNANWDL----------------------LSDYWGQGTQVTVSS,QVQLQESGGGLVQPGGSLRLSCAASGFAFSSYELRWYRQAPGKQHELVAGITTGGNTYYADSVKGRFTISRDNAKNTVYLQMSNLRPEDTAVYACNANWDLLSDYWGQGTQVTVSS,64.46
5vnv_A_idx906,QVQLQES-GGGLVQAGGSLRLSCAASGYISDA------YYMGWYRQAPGKEREFVATITH----GTNTYYADSVKGRFTISRDNAKNTVYLQMNSLKPEDTAVYYCAVLETRS--------------------YSFRYWGQGTQVTVSS,QVQLQESGGGLVQAGGSLRLSCAASGYISDAYYMGWYRQAPGKEREFVATITHGTNTYYADSVKGRFTISRDNAKNTVYLQMNSLKPEDTAVYYCAVLETRSYSFRYWGQGTQVTVSS,72.99
6b20_F_idx907,QVQLVES-GGGLVQAGGSLRLSCAASGSIFSI------NAMGWYRQAPGKQRELVAAITR----GGRTNYADSVKGRFTLSRDNAKNTVYLQMNSLKPEDTAVYYCNVGRS------------------------RGYWGQGTQVTVSS,QVQLVESGGGLVQAGGSLRLSCAASGSIFSINAMGWYRQAPGKQRELVAAITRGGRTNYADSVKGRFTLSRDNAKNTVYLQMNSLKPEDTAVYYCNVGRSRGYWGQGTQVTVSS,67.82
7na9_D_idx908,QVQLVES-GGGLVQTGGSLRLSCAASGRTFRR------NTMGWFRQAPGKVREFVAAISWS---GDRTYCADSVKGRFTISRDNAKNTVDLLMNSLKPEDTAIYYCAADGTASVFNSY----------ASADRNKYNYWGQGTQVTVSS,QVQLVESGGGLVQTGGSLRLSCAASGRTFRRNTMGWFRQAPGKVREFVAAISWSGDRTYCADSVKGRFTISRDNAKNTVDLLMNSLKPEDTAIYYCAADGTASVFNSYASADRNKYNYWGQGTQVTVSS,70.55
3qyc_A_idx909,-VQLVES-GGGLIKPGGSLRLSCAASGVRLSA------YDMAWVRQAPGKGLEWVSAISSS---GGSTYYADSVKGRFTISRDNSKNTVYLQMNSLRAEDTAVYYCVTLPDLCPGD--------------NCTYPDASWGQGTMVTVSS,VQLVESGGGLIKPGGSLRLSCAASGVRLSAYDMAWVRQAPGKGLEWVSAISSSGGSTYYADSVKGRFTISRDNSKNTVYLQMNSLRAEDTAVYYCVTLPDLCPGDNCTYPDASWGQGTMVTVSS,79.16
7km5_D_idx911,QVQLVES-GGGLVQPGGSLRLSCAASGFTFKN------ADMNWYRQVPGQGLEWVTSIYS----DGRTVYADSVKGRFTVSRDNPKSTVSLQMNSLKPEDTGVYYCMAGSKSG--------------------HELDHWGQGTQVTVSS,QVQLVESGGGLVQPGGSLRLSCAASGFTFKNADMNWYRQVPGQGLEWVTSIYSDGRTVYADSVKGRFTVSRDNPKSTVSLQMNSLKPEDTGVYYCMAGSKSGHELDHWGQGTQVTVSS,66.53
7km5_C_idx912,QVQLVES-GGGLVQPGGSLRLSCAASGFTFKN------ADMNWYRQVPGQGLEWVTSIYS----DGRTVYADSVKGRFTVSRDNPKSTVSLQMNSLKPEDTGVYYCMAGE-------------------------LDHWGQGTQVTVSS,QVQLVESGGGLVQPGGSLRLSCAASGFTFKNADMNWYRQVPGQGLEWVTSIYSDGRTVYADSVKGRFTVSRDNPKSTVSLQMNSLKPEDTGVYYCMAGELDHWGQGTQVTVSS,65.52
5mp2_D_idx913,QVQLVES-GGGSVQAGGSLRLSCAASGNTDSS------YYMGWFRQGPGKEREGVASIYIR---AGIPYYTDSVKGRFTISQDNAKNTIYLQMNSLKPEDTAMYFCAGSVRTTIQP--------------FKGNYYNYWGRGTQVTVSS,QVQLVESGGGSVQAGGSLRLSCAASGNTDSSYYMGWFRQGPGKEREGVASIYIRAGIPYYTDSVKGRFTISQDNAKNTIYLQMNSLKPEDTAMYFCAGSVRTTIQPFKGNYYNYWGRGTQVTVSS,70.33
5mp2_C_idx914,-VQLVES-GGGSVQAGGSLRLSCAASGNTDSS------YYMGWFRQGPGKEREGVASIYIR---AGIPYYTDSVKGRFTISQDNAKNTIYLQMNSLKPEDTAMYFCAGSVRTTIQP--------------FKGNYYNYWGRGTQVTVSS,VQLVESGGGSVQAGGSLRLSCAASGNTDSSYYMGWFRQGPGKEREGVASIYIRAGIPYYTDSVKGRFTISQDNAKNTIYLQMNSLKPEDTAMYFCAGSVRTTIQPFKGNYYNYWGRGTQVTVSS,70.66
7n0i_K_idx915,EVQLQAS-GGGLVQAGGSLRLSCAASGRTDST------QHMAWFRQAPGKEREFVTAIQWR---GGGTSYTDSVKGRFTISRDNAKNTVYLEMNSLKPEDTAVYYCATNTRWTYFS-------------PTVPDRYDYWGQGTQVTVSS,EVQLQASGGGLVQAGGSLRLSCAASGRTDSTQHMAWFRQAPGKEREFVTAIQWRGGGTSYTDSVKGRFTISRDNAKNTVYLEMNSLKPEDTAVYYCATNTRWTYFSPTVPDRYDYWGQGTQVTVSS,61.74
7n0i_L_idx916,EVQLQAS-GGGLVQAGGSLRLSCAASGRTDST------QHMAWFRQAPGKEREFVTAIQWR---GGGTSYTDSVKGRFTISRDNAKNTVYLEMNSLKPEDTAVYYCATNTRWTYFS-------------PTVPDRYDYWGQGTQVTVSS,EVQLQASGGGLVQAGGSLRLSCAASGRTDSTQHMAWFRQAPGKEREFVTAIQWRGGGTSYTDSVKGRFTISRDNAKNTVYLEMNSLKPEDTAVYYCATNTRWTYFSPTVPDRYDYWGQGTQVTVSS,61.74
7n0i_I_idx917,EVQLQAS-GGGLVQAGGSLRLSCAASGRTDST------QHMAWFRQAPGKEREFVTAIQWR---GGGTSYTDSVKGRFTISRDNAKNTVYLEMNSLKPEDTAVYYCATNTRWTYFS-------------PTVPDRYDYWGQGTQVTVSS,EVQLQASGGGLVQAGGSLRLSCAASGRTDSTQHMAWFRQAPGKEREFVTAIQWRGGGTSYTDSVKGRFTISRDNAKNTVYLEMNSLKPEDTAVYYCATNTRWTYFSPTVPDRYDYWGQGTQVTVSS,61.74
7n0i_J_idx918,EVQLQAS-GGGLVQAGGSLRLSCAASGRTDST------QHMAWFRQAPGKEREFVTAIQWR---GGGTSYTDSVKGRFTISRDNAKNTVYLEMNSLKPEDTAVYYCATNTRWTYFS-------------PTVPDRYDYWGQGTQVTVSS,EVQLQASGGGLVQAGGSLRLSCAASGRTDSTQHMAWFRQAPGKEREFVTAIQWRGGGTSYTDSVKGRFTISRDNAKNTVYLEMNSLKPEDTAVYYCATNTRWTYFSPTVPDRYDYWGQGTQVTVSS,61.74
7lpn_D_idx919,EVQLVES-GGGLVQAGGFLRLSCELRGSIFNQ------YAMAWFRQAPGKEREFVAGMG------AVPHYGEFVKGRFTISRDNAKSTVYLQMSSLKPEDTAIYFCARSKSTYIS---------------YNSNGYDYWGRGTQVTVSS,EVQLVESGGGLVQAGGFLRLSCELRGSIFNQYAMAWFRQAPGKEREFVAGMGAVPHYGEFVKGRFTISRDNAKSTVYLQMSSLKPEDTAIYFCARSKSTYISYNSNGYDYWGRGTQVTVSS,65.9
6qv2_F_idx920,QGQLVES-GGGLVQPGGSLRLSCAASGFTLDY------YAIGWFRQAPGKEREGVSCISNS---GGSTKYADSVKGRFTISRDKAKNTVYLQMNSLKPEDTGVYYCAADRGYSEYDLP----------CDLVIYGMDYWGKGTPVTVSA,QGQLVESGGGLVQPGGSLRLSCAASGFTLDYYAIGWFRQAPGKEREGVSCISNSGGSTKYADSVKGRFTISRDKAKNTVYLQMNSLKPEDTGVYYCAADRGYSEYDLPCDLVIYGMDYWGKGTPVTVSA,66.67
6zg3_J_idx922,-VQLVES-GGGLVQPGGSLRLSCTASGFTLDD------YAIGWFRQAPGKEREGISCISRS---GSSTTYADSVKGRFTISRDRAENTVYLQMNSLKPEDTADYYCAATPVWYWSC-------------AVKVGPYDYWGQGTQVTVSS,VQLVESGGGLVQPGGSLRLSCTASGFTLDDYAIGWFRQAPGKEREGISCISRSGSSTTYADSVKGRFTISRDRAENTVYLQMNSLKPEDTADYYCAATPVWYWSCAVKVGPYDYWGQGTQVTVSS,74.26
6zg3_E_idx923,QVQLVES-GGGLVQPGGSLRLSCTASGFTLDD------YAIGWFRQAPGKEREGISCISRS---GSSTTYADSVKGRFTISRDRAENTVYLQMNSLKPEDTADYYCAATPVWYWSC-------------AVKVGPYDYWGQGTQVTVSS,QVQLVESGGGLVQPGGSLRLSCTASGFTLDDYAIGWFRQAPGKEREGISCISRSGSSTTYADSVKGRFTISRDRAENTVYLQMNSLKPEDTADYYCAATPVWYWSCAVKVGPYDYWGQGTQVTVSS,73.78
6dbf_B_idx924,QVKLEES-GGGSVQAGGSLRLSCAASGHTYST------YCMGWFRQVK--EREGVARINVG---GSSTWYADSVRDRFTISQDNAKNTVYLQMNSLKLEDTAIYYCTLHRFCNTW----------------SLGTLNVWGQGTQVTVSS,QVKLEESGGGSVQAGGSLRLSCAASGHTYSTYCMGWFRQVKEREGVARINVGGSSTWYADSVRDRFTISQDNAKNTVYLQMNSLKLEDTAIYYCTLHRFCNTWSLGTLNVWGQGTQVTVSS,66.69
7nki_F_idx926,QVQLQES-GGGLVQPGGSLRLSCAAT--------------MSWYRQAPGKERELVA-----------SDYAASVKGRFTISRDNAKNTVYLQMNMLKPEDTAVYYCYVY---------------------------TLFGQGTQVTVSS,QVQLQESGGGLVQPGGSLRLSCAATMSWYRQAPGKERELVASDYAASVKGRFTISRDNAKNTVYLQMNMLKPEDTAVYYCYVYTLFGQGTQVTVSS,64.47
5hvg_B_idx927,QVQLQES-GGGLVQPGGSLRLSCAASGSIFSG------NAMGWYRQAPGKQRELVAAITS----GGSTDYADSVKGRFTISRDNAKNTVYLQMNSLKPEDTAVYYCHVDPRPWGY----------------DVTDYDYWGQGTQVTVSS,QVQLQESGGGLVQPGGSLRLSCAASGSIFSGNAMGWYRQAPGKQRELVAAITSGGSTDYADSVKGRFTISRDNAKNTVYLQMNSLKPEDTAVYYCHVDPRPWGYDVTDYDYWGQGTQVTVSS,69.76
5hvg_D_idx928,-VQLQES-GGGLVQPGGSLRLSCAASGSIFSG------NAMGWYRQAPGKQRELVAAITS----GGSTDYADSVKGRFTISRDNAKNTVYLQMNSLKPEDTAVYYCHVDPRPWGY----------------DVTDYDYWGQGTQVTVSS,VQLQESGGGLVQPGGSLRLSCAASGSIFSGNAMGWYRQAPGKQRELVAAITSGGSTDYADSVKGRFTISRDNAKNTVYLQMNSLKPEDTAVYYCHVDPRPWGYDVTDYDYWGQGTQVTVSS,70.57
7fg3_D_idx929,EVQLVES-GGGQVETGGSLRLSCQASGSTFSD------YVMAWFRQRPGKEREFVATISRN---GGTTTYGSSVKGRFTISRDNAKSTVYLQMNSLKPEDTAVYYCYAVGG-----------------------DGDSWGQGTQVTVSS,EVQLVESGGGQVETGGSLRLSCQASGSTFSDYVMAWFRQRPGKEREFVATISRNGGTTTYGSSVKGRFTISRDNAKSTVYLQMNSLKPEDTAVYYCYAVGGDGDSWGQGTQVTVSS,68.17
5o03_C_idx930,QVQLQES-GGGLVQPGGSLRLSCAASGFTLGY------YPIGWFRQAPGKGLEGVSCISGS---GGSANYAASVKGRFTISRDNAKNTVYLQMNSLKPEDTAIYYCAADLSSLQAMCVI-------PRPGFSAKAYDYWGLGTQVTVSS,QVQLQESGGGLVQPGGSLRLSCAASGFTLGYYPIGWFRQAPGKGLEGVSCISGSGGSANYAASVKGRFTISRDNAKNTVYLQMNSLKPEDTAIYYCAADLSSLQAMCVIPRPGFSAKAYDYWGLGTQVTVSS,68.55
5o03_D_idx931,QVQLQES-GGGLVQPGGSLRLSCAASGFTLGY------YPIGWFRQAPGKGLEGVSCISGS---GGSANYAASVKGRFTISRDNAKNTVYLQMNSLKPEDTAIYYCAADLSSLVQAMCVI------PRPGFSAKAYDYWGLGTQVTVSS,QVQLQESGGGLVQPGGSLRLSCAASGFTLGYYPIGWFRQAPGKGLEGVSCISGSGGSANYAASVKGRFTISRDNAKNTVYLQMNSLKPEDTAIYYCAADLSSLVQAMCVIPRPGFSAKAYDYWGLGTQVTVSS,68.45
7djy_D_idx932,-VQLVES-GGGLVQAGGSLRLSCAASGATFIT------YGMTWFRQAPGKEREFVAAVTGN---GAGTTYLPSVKGRFTISRDNAKNTVYLQMSSLKPEDTAVYYCGGRRWVPAT----------------AVDQVAYWGQGTQVTVSS,VQLVESGGGLVQAGGSLRLSCAASGATFITYGMTWFRQAPGKEREFVAAVTGNGAGTTYLPSVKGRFTISRDNAKNTVYLQMSSLKPEDTAVYYCGGRRWVPATAVDQVAYWGQGTQVTVSS,65.47
7djy_C_idx933,QVQLVES-GGGLVQAGGSLRLSCAASGATFIT------YGMTWFRQAPGKEREFVAAVTGN---GAGTTYLPSVKGRFTISRDNAKNTVYLQMSSLKPEDTAVYYCGGRRWVPAT----------------AVDQVAYWGQGTQVTVSS,QVQLVESGGGLVQAGGSLRLSCAASGATFITYGMTWFRQAPGKEREFVAAVTGNGAGTTYLPSVKGRFTISRDNAKNTVYLQMSSLKPEDTAVYYCGGRRWVPATAVDQVAYWGQGTQVTVSS,65.01
7nk1_F_idx934,-VQLQES-GGGLVQPGGSLRLSCAAA--------------MGWYRQVPGKERELVA-----------TNFADSARGRFTISRGNAKNTVYLQMNNLKPEDTAVYYCWS-----------------------------TWGQGTQVTVSS,VQLQESGGGLVQPGGSLRLSCAAAMGWYRQVPGKERELVATNFADSARGRFTISRGNAKNTVYLQMNNLKPEDTAVYYCWSTWGQGTQVTVSS,62.4
6j7w_B_idx935,EVQLVES-GGGLVQPGGSLRLSCAASGFTVSS------YGMSWVRQAPGKGPEWVSGIRGS---DGSTYYADSVKGRFTISRDNSKNTLYLQMNSLRAEDTAVYYCAKQGEND--------------------GPFDHRGQGTLVTVSS,EVQLVESGGGLVQPGGSLRLSCAASGFTVSSYGMSWVRQAPGKGPEWVSGIRGSDGSTYYADSVKGRFTISRDNSKNTLYLQMNSLRAEDTAVYYCAKQGENDGPFDHRGQGTLVTVSS,60.28
6o89_H_idx937,QVQLVQS-GAEVVKPGASVKVSCKASGYTFTS------YYIHWVRQAPGQGLEWIGSIYPG---NVNTNYAQKFQGRATLTVDTSISTAYMELSRLRSDDTAVYYCTRSHYGL-------------------DWNFDVWGKGTTVTVSS,QVQLVQSGAEVVKPGASVKVSCKASGYTFTSYYIHWVRQAPGQGLEWIGSIYPGNVNTNYAQKFQGRATLTVDTSISTAYMELSRLRSDDTAVYYCTRSHYGLDWNFDVWGKGTTVTVSS,64.72
7aej_D_idx938,EVQLVES-GGGLVQPGGSLRLSCAASGSISSV------DVMSWYRQAPGKQRELVAFITD----RGRTNYKVSVKGRFTISRDNSKNMVYLQMNSLKPEDTADYLCRAESRTSWS----------------SPSPLDVWGRGTQVTVSS,EVQLVESGGGLVQPGGSLRLSCAASGSISSVDVMSWYRQAPGKQRELVAFITDRGRTNYKVSVKGRFTISRDNSKNMVYLQMNSLKPEDTADYLCRAESRTSWSSPSPLDVWGRGTQVTVSS,65.81
4aq1_D_idx939,QVQLQES-GGGLVQAGGSLRLSCAASGRTSSA------YAMGWFRQAPGKEREFVAGISSK---GGSTYYGASMKGRFTISRDNAKNTVYLQMNGLAPEDTAVYYCAASDKYNFD---------------TSHAGYGYWGQGTQVTVSS,QVQLQESGGGLVQAGGSLRLSCAASGRTSSAYAMGWFRQAPGKEREFVAGISSKGGSTYYGASMKGRFTISRDNAKNTVYLQMNGLAPEDTAVYYCAASDKYNFDTSHAGYGYWGQGTQVTVSS,67.96
6ehg_C_idx941,QVQLVET-GGGLVQAGGSLRLSCAASGSIFSL------NAMGWFRQAPGKEREFVATINRS---GGRTYYADSVKGRFTISRDNGKNMVYLQMHSLKPEDTAIYYCAAGTGWSPQ----------------TDNEYNYWGQGTQVTVSS,QVQLVETGGGLVQAGGSLRLSCAASGSIFSLNAMGWFRQAPGKEREFVATINRSGGRTYYADSVKGRFTISRDNGKNMVYLQMHSLKPEDTAIYYCAAGTGWSPQTDNEYNYWGQGTQVTVSS,74.73
6i2g_A_idx942,-VQLQES-GGGLVQPGGSLRLSCTASGVTISAL---NAMAMGWYRQAPGERRVMVAAVSE----RGNAMYRESVQGRFTVTRDFTNKMVSLQMDNLKPEDTAVYYCHVLEDRV-------------------DSFHDYWGQGTQVTVSS,VQLQESGGGLVQPGGSLRLSCTASGVTISALNAMAMGWYRQAPGERRVMVAAVSERGNAMYRESVQGRFTVTRDFTNKMVSLQMDNLKPEDTAVYYCHVLEDRVDSFHDYWGQGTQVTVSS,60.84
7on5_A_idx943,QVQLVES-GGGLVQPGGSLRLSCAASGITLDY------YAIGWFRQAPGKEREGVSRIRSS---DGSTNYADSVKGRFTMSRDNAKNTVYLQMNSLKPEDTAVYYCAYGPLTKYGSS------------WYWPYEYDYWGQGTQVTVSS,QVQLVESGGGLVQPGGSLRLSCAASGITLDYYAIGWFRQAPGKEREGVSRIRSSDGSTNYADSVKGRFTMSRDNAKNTVYLQMNSLKPEDTAVYYCAYGPLTKYGSSWYWPYEYDYWGQGTQVTVSS,68.8
4jvp_A_idx945,EVQLQAS-GGGLVQPGGSLRLSCTASGFTDDY------YAIGWFRQAPGKEREGVSCITNF---DGGTYYADSVKSRFTMSRDNK-NTVYLQMNSLKPEDTAVYYCAADKGLCSWLR------------AGGKVTFGSWGQGTQVTVSS,EVQLQASGGGLVQPGGSLRLSCTASGFTDDYYAIGWFRQAPGKEREGVSCITNFDGGTYYADSVKSRFTMSRDNKNTVYLQMNSLKPEDTAVYYCAADKGLCSWLRAGGKVTFGSWGQGTQVTVSS,64.23
4ocm_F_idx946,-VQLQES-GGGLVPAGGSLRLSCVDSGRTFSS------TVMAWFRQAPGKEREFVATIRWS---GGNTYYADSVKGRFTISRDNARNTVYLQMNSLKPEDTAVYYCAGGTYYGT-----------------LSYKYDFWGRGTQVTVSS,VQLQESGGGLVPAGGSLRLSCVDSGRTFSSTVMAWFRQAPGKEREFVATIRWSGGNTYYADSVKGRFTISRDNARNTVYLQMNSLKPEDTAVYYCAGGTYYGTLSYKYDFWGRGTQVTVSS,71.67
5j1s_C_idx947,QVQLVET-GGGLVQAGGSLRLSCAASGNIFSF------NVMGWYRQAPGKQRELVAAITS----GDTTTYADSVQGRFTISRDNAKNAVYLQMNSLTPEDTAVYFCNARRNPING----------------PYYTTAYWGQGTQVTVSS,QVQLVETGGGLVQAGGSLRLSCAASGNIFSFNVMGWYRQAPGKQRELVAAITSGDTTTYADSVQGRFTISRDNAKNAVYLQMNSLTPEDTAVYFCNARRNPINGPYYTTAYWGQGTQVTVSS,67.79
7o3b_A_idx948,QVQLQES-GGGLVQAGGSLNLSCVASGSSHF-------NSMGWYRQAPGKQRDLVADISN----DGVTNYADSVKDRFTISTNNAKNAVYLQMNNLKPEDTAVYYCNAVAVAG--------------------RAFSYWGQGTQVTVSS,QVQLQESGGGLVQAGGSLNLSCVASGSSHFNSMGWYRQAPGKQRDLVADISNDGVTNYADSVKDRFTISTNNAKNAVYLQMNNLKPEDTAVYYCNAVAVAGRAFSYWGQGTQVTVSS,59.23
7o3b_B_idx949,QVQLQES-GGGLVQAGGSLNLSCVASGSSHF-------NSMGWYRQAPGKQRDLVADISN----DGVTNYADSVKDRFTISTNNAKNAVYLQMNNLKPEDTAVYYCNAVAVAG--------------------RAFSYWGQGTQVTVSS,QVQLQESGGGLVQAGGSLNLSCVASGSSHFNSMGWYRQAPGKQRDLVADISNDGVTNYADSVKDRFTISTNNAKNAVYLQMNNLKPEDTAVYYCNAVAVAGRAFSYWGQGTQVTVSS,59.23
7o3b_C_idx950,QVQLQES-GGGLVQAGGSLNLSCVASGSSHF-------NSMGWYRQAPGKQRDLVADISN----DGVTNYADSVKDRFTISTNNAKNAVYLQMNNLKPEDTAVYYCNAVAVAG--------------------RAFSYWGQGTQVTVSS,QVQLQESGGGLVQAGGSLNLSCVASGSSHFNSMGWYRQAPGKQRDLVADISNDGVTNYADSVKDRFTISTNNAKNAVYLQMNNLKPEDTAVYYCNAVAVAGRAFSYWGQGTQVTVSS,59.23
5td8_E_idx951,-VQLVES-GGGLVHPGGSLRLSCAASGHA-----------VAWFRQAPGKERDFVASIN-------AVGLVRNVLGRFSISRDFAKNEVYLQMNSLEPEDTAVYYCAARYY------------------------YDYWGQGTQVTVSS,VQLVESGGGLVHPGGSLRLSCAASGHAVAWFRQAPGKERDFVASINAVGLVRNVLGRFSISRDFAKNEVYLQMNSLEPEDTAVYYCAARYYYDYWGQGTQVTVSS,66.02
5lhn_B_idx952,QVQLQES-GGGLVQPGGSLRLSCAASGFTLGY------YAIGWFRRAPGKEREGVSCISSS---GGSTNYADSVKGRFTISRDNAKNTVDLQMNSLKPEDTAIYYCAAEWVPPGYGATVQ------ALCNNAGYGMEYWGKGTQVTVSS,QVQLQESGGGLVQPGGSLRLSCAASGFTLGYYAIGWFRRAPGKEREGVSCISSSGGSTNYADSVKGRFTISRDNAKNTVDLQMNSLKPEDTAIYYCAAEWVPPGYGATVQALCNNAGYGMEYWGKGTQVTVSS,65.77
3eak_A_idx954,QVQLVES-GGGLVQPGGSLRLSCAASGGSEYSY---STFSLGWFRQAPGQGLEAVAAIASM---GGLTYYADSVKGRFTISRDNSKNTLYLQMNSLRAEDTAVYYCAAVRGYFMRL--------------PSSHNFRYWGQGTLVTVSS,QVQLVESGGGLVQPGGSLRLSCAASGGSEYSYSTFSLGWFRQAPGQGLEAVAAIASMGGLTYYADSVKGRFTISRDNSKNTLYLQMNSLRAEDTAVYYCAAVRGYFMRLPSSHNFRYWGQGTLVTVSS,74.14
6uft_B_idx955,QVQLVES-GGGLVQAGGSLRLSCAASEFRAEH------FAVGWFRQAPGKEREGVSCVDAS---GDSTAYADSVKGRFTISRDNNKNVVYLQMDSLEPEDTGDYYCGASYFTVCAK-------------SMRKIEYRYWGQGTQVTVSS,QVQLVESGGGLVQAGGSLRLSCAASEFRAEHFAVGWFRQAPGKEREGVSCVDASGDSTAYADSVKGRFTISRDNNKNVVYLQMDSLEPEDTGDYYCGASYFTVCAKSMRKIEYRYWGQGTQVTVSS,67.21
4w70_A_idx956,EVQLVES-GGGLVQAGDSLRLSATASGRTFSR------AVMGWFRQAPGKEREFVAAISAAPGTAYYAFYADSVRGRFSISADSAKNTVYLQMNSLKPEDTAVYYVAADLKMQVAA-------------YMNQRSVDYWGQGTQVTVSS,EVQLVESGGGLVQAGDSLRLSATASGRTFSRAVMGWFRQAPGKEREFVAAISAAPGTAYYAFYADSVRGRFSISADSAKNTVYLQMNSLKPEDTAVYYVAADLKMQVAAYMNQRSVDYWGQGTQVTVSS,68.79
7vnb_A_idx957,EVQLVES-GGGLVQPGGSLRLSCAASDFSFYD------YEMSWVRQAPGKALEWIGSMYH----SGRTYINPSLKSLVTISRDNSKNTLYLQMNSLRAEDTAMYYCVSNWASG--------------------STGDYWGQGTLVTVSS,EVQLVESGGGLVQPGGSLRLSCAASDFSFYDYEMSWVRQAPGKALEWIGSMYHSGRTYINPSLKSLVTISRDNSKNTLYLQMNSLRAEDTAMYYCVSNWASGSTGDYWGQGTLVTVSS,62.37
7nj7_F_idx958,QVQLQES-GGGLVQAGDSLRLSCAASI-------------MAWFRQTPGKERELVARL---------QYYRDSVKGRFTLSRDNAKNTLYLQMNSLKPEDTAVYYCAFT---------------------------DYWGQGTQVTVSS,QVQLQESGGGLVQAGDSLRLSCAASIMAWFRQTPGKERELVARLQYYRDSVKGRFTLSRDNAKNTLYLQMNSLKPEDTAVYYCAFTDYWGQGTQVTVSS,63.21
7w1s_B_idx959,-LQLVES-GGGLVQAGGSMRLSCAASISFSS-------FPMGWHRQAPGKQRELVAKTGI-----GGTAYDDSVKGRFTISRDNTKNTVYLQMNSLKVEDTAVYYCWGWRM------------------------NDYWGQGTQVTVSS,LQLVESGGGLVQAGGSMRLSCAASISFSSFPMGWHRQAPGKQRELVAKTGIGGTAYDDSVKGRFTISRDNTKNTVYLQMNSLKVEDTAVYYCWGWRMNDYWGQGTQVTVSS,62.83
3zhd_B_idx960,EVQLVES-GGGLVQPGGSLRLSCAASGFTFSS------YAMGWVRQAPGKGPEVVSLISGS---GGSTWYDDSVKGRFTISRDNSKNTLYLQMNSLRAEDTAVYYCARHAPST--------------------EAPDYWGQGTLVTVSS,EVQLVESGGGLVQPGGSLRLSCAASGFTFSSYAMGWVRQAPGKGPEVVSLISGSGGSTWYDDSVKGRFTISRDNSKNTLYLQMNSLRAEDTAVYYCARHAPSTEAPDYWGQGTLVTVSS,63.29
4qlr_A_idx961,DVQLVES-GGGLVHPGGSLRLSCAASGRTFSD------YALGWFRQAPGKDREFVAAISWS---GGSTYYADSVQGRFTISRDNDKNSVYLQMNSLKPEDTAVYYCAADKYYTGP---------------GGESVYDYWGRGTQVTVSS,DVQLVESGGGLVHPGGSLRLSCAASGRTFSDYALGWFRQAPGKDREFVAAISWSGGSTYYADSVQGRFTISRDNDKNSVYLQMNSLKPEDTAVYYCAADKYYTGPGGESVYDYWGRGTQVTVSS,70.7
4qlr_B_idx962,-VQLVES-GGGLVHPGGSLRLSCAASGRTFSD------YALGWFRQAPGKDREFVAAISWS---GGSTYYADSVQGRFTISRDNDKNSVYLQMNSLKPEDTAVYYCAADKYYTGP---------------GGESVYDYWGRGTQVTVSS,VQLVESGGGLVHPGGSLRLSCAASGRTFSDYALGWFRQAPGKDREFVAAISWSGGSTYYADSVQGRFTISRDNDKNSVYLQMNSLKPEDTAVYYCAADKYYTGPGGESVYDYWGRGTQVTVSS,71.15
3k81_B_idx963,-VQPQES-GGGLAQAGGSLRLSCVVSGITFAS------EAWGWYRRAPGKQRELIAAINN----EGRTNYVDSVKGRFTVSRDNAKNVMYLQMNSLKPEDTAVYYCNANLQTGT-----------------LSGARLYWGQGTQVTVSS,VQPQESGGGLAQAGGSLRLSCVVSGITFASEAWGWYRRAPGKQRELIAAINNEGRTNYVDSVKGRFTVSRDNAKNVMYLQMNSLKPEDTAVYYCNANLQTGTLSGARLYWGQGTQVTVSS,64.83
3k81_A_idx964,-VQPQES-GGGLAQAGGSLRLSCVVSGITFAS------EAWGWYRRAPGKQRELIAAINN----EGRTNYVDSVKGRFTVSRDNAKNVMYLQMNSLKPEDTAVYYCNANLQTGT-----------------LSGARLYWGQGTQVTVSS,VQPQESGGGLAQAGGSLRLSCVVSGITFASEAWGWYRRAPGKQRELIAAINNEGRTNYVDSVKGRFTVSRDNAKNVMYLQMNSLKPEDTAVYYCNANLQTGTLSGARLYWGQGTQVTVSS,64.83
7obf_A_idx965,EVQLLES-GGGLVQPGGSLRLSCAASGFRISD------EDMGWVRQAPGKGLEWVSSIYGP---SGSTYYADSVKGRFTISRDNSKNTLYLQMNSLRAEDTAVYYCASALEPL-------------------SEPLGFWGQGTLVTVSS,EVQLLESGGGLVQPGGSLRLSCAASGFRISDEDMGWVRQAPGKGLEWVSSIYGPSGSTYYADSVKGRFTISRDNSKNTLYLQMNSLRAEDTAVYYCASALEPLSEPLGFWGQGTLVTVSS,64.91
4y7m_B_idx966,QVQLVES-GGGLVQAGGSLRLSCAASGFTFED------YAIGWFRQAPGKEREGVSCISNL---DGSTYYPDSVKGRFTASSDKAKNMVYLQMNSLKPEDTAVYYCAAVNAQGIYCTD----------YIIGPYGMDYWGKGTQVTVSS,QVQLVESGGGLVQAGGSLRLSCAASGFTFEDYAIGWFRQAPGKEREGVSCISNLDGSTYYPDSVKGRFTASSDKAKNMVYLQMNSLKPEDTAVYYCAAVNAQGIYCTDYIIGPYGMDYWGKGTQVTVSS,74.95
4wen_B_idx967,QVQLQES-GGGLVQPGGSLRLSCTASGSISSI------NAMGWYRQAPGSKREFVAHITN----TGVTEFADSVKGRFTISRDNAKTTVDLQMNSLKPEDTAVYYCAATDWGTL-----------------LIKGIDHWGKGTQVTVSS,QVQLQESGGGLVQPGGSLRLSCTASGSISSINAMGWYRQAPGSKREFVAHITNTGVTEFADSVKGRFTISRDNAKTTVDLQMNSLKPEDTAVYYCAATDWGTLLIKGIDHWGKGTQVTVSS,65.97
7zf4_F_idx968,QVQLVES-GGGLVQAGGSLRLACIASGRTFHS------YVMAWFRQAPGKEREFVAAISWS---STPTYYGESVKGRFTISRDNAKNTVYLQMNRLKPEDTAVYFCAADRGESYYY--------------TRPTEYEFWGQGTQVTVSS,QVQLVESGGGLVQAGGSLRLACIASGRTFHSYVMAWFRQAPGKEREFVAAISWSSTPTYYGESVKGRFTISRDNAKNTVYLQMNRLKPEDTAVYFCAADRGESYYYTRPTEYEFWGQGTQVTVSS,73.98
4n1h_D_idx969,QVQLQES-GGGLVQAGASLKLSCAASGRTFSS------YAMGWFRQAPGKEREFVAAISRS---GGDTKYADSVKGRFAISRDNDKNTVWLRMNSLKPEDTAVYYCAATTYASLSDT------------YIGEHIYDDWGQGTQVTVSS,QVQLQESGGGLVQAGASLKLSCAASGRTFSSYAMGWFRQAPGKEREFVAAISRSGGDTKYADSVKGRFAISRDNDKNTVWLRMNSLKPEDTAVYYCAATTYASLSDTYIGEHIYDDWGQGTQVTVSS,69.66
7c8w_A_idx970,QVQLVES-GGGLVQAGGSLRLSCAASGFPVEV------WRMEWYRQAPGKEREGVAAIESY---GHGTRYADSVKGRFTISRDNAKNTVYLQMNSLKPEDTAVYYCNVKDDGQ--------------------LAYHYDYQGTQVTVSA,QVQLVESGGGLVQAGGSLRLSCAASGFPVEVWRMEWYRQAPGKEREGVAAIESYGHGTRYADSVKGRFTISRDNAKNTVYLQMNSLKPEDTAVYYCNVKDDGQLAYHYDYQGTQVTVSA,60.21
7vne_U_idx971,-VQLVES-GGGLVQPGGSLRLSCAASDSSFYD------YEMSWVRQAPGKAQEWIGSMYP----SGRTYINPSLKSLVTISRDNSKNTLYLQLNSLRAEDTAMYYCVSNWASG--------------------STGDYWGQGTLVTVSS,VQLVESGGGLVQPGGSLRLSCAASDSSFYDYEMSWVRQAPGKAQEWIGSMYPSGRTYINPSLKSLVTISRDNSKNTLYLQLNSLRAEDTAMYYCVSNWASGSTGDYWGQGTLVTVSS,61.6
7kd0_C_idx973,QVQLVES-GGGLVQPGGSLRLSCVASGFTFSS------TPMNWFRQAPGKEREFVAGVGSR---NDIAYYADSVKGRFTVSRDDAKNTVYLQMNSLKPEDTGVYYCKRPAGR---------------------IEDELWGQGTQVTVSS,QVQLVESGGGLVQPGGSLRLSCVASGFTFSSTPMNWFRQAPGKEREFVAGVGSRNDIAYYADSVKGRFTVSRDDAKNTVYLQMNSLKPEDTGVYYCKRPAGRIEDELWGQGTQVTVSS,65.93
5vxj_D_idx974,QVQLAET-GGGLAQPGGSLRLSCAASGFTFSR------AVMNWYRQAPGKERELVARIYDA---GGNGSIADPVKGRFTISRDNAKNTVHLQMNSLKPEDTAMYVCNAGIFDG--------------------NYRTYWGQGTQVTVSS,QVQLAETGGGLAQPGGSLRLSCAASGFTFSRAVMNWYRQAPGKERELVARIYDAGGNGSIADPVKGRFTISRDNAKNTVHLQMNSLKPEDTAMYVCNAGIFDGNYRTYWGQGTQVTVSS,64.19
5vxj_H_idx975,QVQLAET-GGGLAQPGGSLRLSCAASGFTFSR------AVMNWYRQAPGKERELVARIYDA---GGNGSIADPVKGRFTISRDNAKNTVHLQMNSLKPEDTAMYVCNAGIFDG--------------------NYRTYWGQGTQVTVSS,QVQLAETGGGLAQPGGSLRLSCAASGFTFSRAVMNWYRQAPGKERELVARIYDAGGNGSIADPVKGRFTISRDNAKNTVHLQMNSLKPEDTAMYVCNAGIFDGNYRTYWGQGTQVTVSS,64.19
5vxj_J_idx976,QVQLAET-GGGLAQPGGSLRLSCAASGFTFSR------AVMNWYRQAPGKERELVARIYDA---GGNGSIADPVKGRFTISRDNAKNTVHLQMNSLKPEDTAMYVCNAGIFDG--------------------NYRTYWGQGTQVTVSS,QVQLAETGGGLAQPGGSLRLSCAASGFTFSRAVMNWYRQAPGKERELVARIYDAGGNGSIADPVKGRFTISRDNAKNTVHLQMNSLKPEDTAMYVCNAGIFDGNYRTYWGQGTQVTVSS,64.19
6os2_D_idx977,QVQLQES-GGGLVAAGGSLRLSCAASGNIFDV------DIMGWYRQAPGKERELVASITD----GGSTNYADSVKGRFTISRDNAKNTVYLAMASLKPEDTAVYYCAAVAYPDIPTY------------FDYDSDNFYWGQGTQVTVSS,QVQLQESGGGLVAAGGSLRLSCAASGNIFDVDIMGWYRQAPGKERELVASITDGGSTNYADSVKGRFTISRDNAKNTVYLAMASLKPEDTAVYYCAAVAYPDIPTYFDYDSDNFYWGQGTQVTVSS,71.63
7o0s_A_idx978,QVQLQES-GGGLVQAGGSLNLSCVASGSSHF-------NSMGWYRQAPGKQRDLVADISN----DGVTNYADSVKDRFTISTNNAKNAVYLQMNNLKPEDTAVYYCNAVAVAG--------------------RAFSYWGQGTQVTVSS,QVQLQESGGGLVQAGGSLNLSCVASGSSHFNSMGWYRQAPGKQRDLVADISNDGVTNYADSVKDRFTISTNNAKNAVYLQMNNLKPEDTAVYYCNAVAVAGRAFSYWGQGTQVTVSS,59.23
6qv0_F_idx979,QVQLVES-GGGSVQAGGSLRLSCAASGNIHHI------SYLGWFRQAPGKEREGVAALWTK---DGNTYYADSVKGRFTVSLDNAKNTGYLQMNSLKPEDTALYYCAAADTGSDTP--------------LWDWVYWYWGQGTQVTVSS,QVQLVESGGGSVQAGGSLRLSCAASGNIHHISYLGWFRQAPGKEREGVAALWTKDGNTYYADSVKGRFTVSLDNAKNTGYLQMNSLKPEDTALYYCAAADTGSDTPLWDWVYWYWGQGTQVTVSS,74.01
6zhd_D_idx980,QVQLVES-GGGLMQAGGSLRLSCAVSGRTFST------AAMGWFRQAPGKEREFVAAIRWS---GGSAYYADSVKGRFTISRDKAKNTVYLQMNSLKYEDTAVYYCAQTHYVSYLLS------------DYATWPYDYWGQGTQVTVSS,QVQLVESGGGLMQAGGSLRLSCAVSGRTFSTAAMGWFRQAPGKEREFVAAIRWSGGSAYYADSVKGRFTISRDKAKNTVYLQMNSLKYEDTAVYYCAQTHYVSYLLSDYATWPYDYWGQGTQVTVSS,63.37
6gci_B_idx981,QVQLVES-GGGLVQAGDSLRLACAASGITFSS------YTMGWFRQAPGKEREYIARITGS---GSNTYYADSVKGRYTISRDNAKNTAYLQMNSLKPEDTANYYCAARDDGRMY---------------QGFYDFEYWGQGTQVTVSS,QVQLVESGGGLVQAGDSLRLACAASGITFSSYTMGWFRQAPGKEREYIARITGSGSNTYYADSVKGRYTISRDNAKNTAYLQMNSLKPEDTANYYCAARDDGRMYQGFYDFEYWGQGTQVTVSS,70.17
3eba_A_idx983,QVQLVES-GGGSVQAGGSLRLSCSASGYTY---------ISGWFRQAPGKGLEWVAAIRSS---DGTTYYADSVKGRFTISQDNAKNTVYLQMNSLKPEDTAMYYCAATEVAGWP---------------LDIGIYDYWGQGTQVTVSS,QVQLVESGGGSVQAGGSLRLSCSASGYTYISGWFRQAPGKGLEWVAAIRSSDGTTYYADSVKGRFTISQDNAKNTVYLQMNSLKPEDTAMYYCAATEVAGWPLDIGIYDYWGQGTQVTVSS,86.8
5vxm_B_idx984,-VQLVES-GGGLVQAGGSLRLSCAVSGLEMQS------HAIGWFRQAPGKEREGVSCINDD---GSTTRYADSVKGRFTISRDNAKNTVYLQMNSLKPEDTAVYFCAAKSVWFCSV--------------IRSHEFNSWGQGTQVTVSS,VQLVESGGGLVQAGGSLRLSCAVSGLEMQSHAIGWFRQAPGKEREGVSCINDDGSTTRYADSVKGRFTISRDNAKNTVYLQMNSLKPEDTAVYFCAAKSVWFCSVIRSHEFNSWGQGTQVTVSS,72.65
5vm6_A_idx985,-VKLQQS-GGGMVQTGDSLRLSCVGSRRALSS------TIVGWFRQIPGKEREFVGGIAWS---SSDTWYADSVKGRFTISKDDAANGVHLQMSSLKPEDTAVYYCASALRRPGSDAS----------DYTRIPDYPYWGQGTQVTVSS,VKLQQSGGGMVQTGDSLRLSCVGSRRALSSTIVGWFRQIPGKEREFVGGIAWSSSDTWYADSVKGRFTISKDDAANGVHLQMSSLKPEDTAVYYCASALRRPGSDASDYTRIPDYPYWGQGTQVTVSS,73.31
5jds_B_idx986,QVQLQES-GGGLVQPGGSLRLSCAASGKMSSR------RCMAWFRQAPGKERERVAKLLTT---SGSTYLADSVKGRFTISQNNAKSTVYLQMNSLKPEDTAMYYCAADSFEDPTCT-----------LVTSSGAFQYWGQGTQVTVSS,QVQLQESGGGLVQPGGSLRLSCAASGKMSSRRCMAWFRQAPGKERERVAKLLTTSGSTYLADSVKGRFTISQNNAKSTVYLQMNSLKPEDTAMYYCAADSFEDPTCTLVTSSGAFQYWGQGTQVTVSS,68.61
6swr_A_idx988,-RQLVES-GGGLVQPGGSLRLSCAASGSILYF------NRMGWYRQAPGKQRELVAAITS----GDSTNYADPVKGRFTISRDNAKNTVYLQMNSLKPEDTAVYYCNAKEKGWS------------------FSLYDYWGQGTPVTVVS,RQLVESGGGLVQPGGSLRLSCAASGSILYFNRMGWYRQAPGKQRELVAAITSGDSTNYADPVKGRFTISRDNAKNTVYLQMNSLKPEDTAVYYCNAKEKGWSFSLYDYWGQGTPVTVVS,67.2
6oyz_E_idx990,-VQLQES-GGGLVQTGGSLTLSCATSGRSFSL------YAMAWFRQAPGKEREFVAGVSR----RGNTAYADAVKGRFTISRDNAANTVYLQMTSLKPEDTAVYFCAAFRVAVTTYT------------SQQANEYNYWGQGTQVTVSS,VQLQESGGGLVQTGGSLTLSCATSGRSFSLYAMAWFRQAPGKEREFVAGVSRRGNTAYADAVKGRFTISRDNAANTVYLQMTSLKPEDTAVYFCAAFRVAVTTYTSQQANEYNYWGQGTQVTVSS,66.61
6v7z_E_idx991,QVQLVES-GGGLVQAGGSLRLSCAASGSIFSI------NAMGWYRQAPGKQRDFLAVISS----SGSTNYADSVKGRFTISRDNAKNTAYLQMNSLKVEDTAVYYCAAHVAGF--------------------DEYNYWGQGTQVTVSS,QVQLVESGGGLVQAGGSLRLSCAASGSIFSINAMGWYRQAPGKQRDFLAVISSSGSTNYADSVKGRFTISRDNAKNTAYLQMNSLKVEDTAVYYCAAHVAGFDEYNYWGQGTQVTVSS,67.45
4qo1_A_idx992,-VQLQES-GGGLVQAGGSLRLSCAASERTFST------YAMGWFRQAPGREREFLAQINWS---GTTTYYAESVKDRTTISRDNAKNTVYLEMNNLNADDTGIYFCAAHPQRGWG----------------STLGWTYWGQGTQVTVSS,VQLQESGGGLVQAGGSLRLSCAASERTFSTYAMGWFRQAPGREREFLAQINWSGTTTYYAESVKDRTTISRDNAKNTVYLEMNNLNADDTGIYFCAAHPQRGWGSTLGWTYWGQGTQVTVSS,67.27
7nkc_F_idx993,QVQLQES-GGGLVQAGASLRLSCTAP--------------MGWFRQGPGKEREFVAA----------TYYGDFVKGRFTISRDNAKNTVYLQMNSLKPEDTAVYYCARA---------------------------DYWGQGTQVTVSS,QVQLQESGGGLVQAGASLRLSCTAPMGWFRQGPGKEREFVAATYYGDFVKGRFTISRDNAKNTVYLQMNSLKPEDTAVYYCARADYWGQGTQVTVSS,66.16
7b17_B_idx994,QVQLVET-GGGLVQPGGSLRLSCAASGFTFSS------YAMGWARQVPGKGLEWVSYIYS----DGSTEYQDSVKGRFTISRDNAKSTVYLQMNSLKPEDTAVYYCATEGSLGG-----------------WGRDFGSWGQGTQVTVSS,QVQLVETGGGLVQPGGSLRLSCAASGFTFSSYAMGWARQVPGKGLEWVSYIYSDGSTEYQDSVKGRFTISRDNAKSTVYLQMNSLKPEDTAVYYCATEGSLGGWGRDFGSWGQGTQVTVSS,66.08
6jsz_D_idx995,-VQLQES-GGGLVQPGGSLRLSCAASGFTFSS------AIMTWVRQAPGKGREWVSTIGSD---GSITTYADSVKGRFTISRDNARNTLYLQMNSLKPEDTAVYYCTSA---------------------------GRRGPGTQVTVSS,VQLQESGGGLVQPGGSLRLSCAASGFTFSSAIMTWVRQAPGKGREWVSTIGSDGSITTYADSVKGRFTISRDNARNTLYLQMNSLKPEDTAVYYCTSAGRRGPGTQVTVSS,64.26
7nk2_F_idx996,QVQLQES-GGGLVQAGESLRLSCAAG--------------MGWFRQAPGKEREFVAS-----------YAMDFVKGRFTISRDNSKNTLYLQMNSLKPEDTAVYYCAAA---------------------------KYWGQGTQVTVSS,QVQLQESGGGLVQAGESLRLSCAAGMGWFRQAPGKEREFVASYAMDFVKGRFTISRDNSKNTLYLQMNSLKPEDTAVYYCAAAKYWGQGTQVTVSS,62.69
6b73_D_idx997,-VQLVES-GGGLVRPGGSLRLSCVDSERTS--------YPMGWFRRAPGKEREFVASITWS---GIDPTYADSVADRFTTSRDVANNTLYLQMNSLKHEDTAVYYCAARAPVS-------------------PYDYDYWGQGTQVTVSS,VQLVESGGGLVRPGGSLRLSCVDSERTSYPMGWFRRAPGKEREFVASITWSGIDPTYADSVADRFTTSRDVANNTLYLQMNSLKHEDTAVYYCAARAPVSPYDYDYWGQGTQVTVSS,61.92
6b73_C_idx998,-VQLVES-GGGLVRPGGSLRLSCVDSERTS--------YPMGWFRRAPGKEREFVASITWS---GIDPTYADSVADRFTTSRDVANNTLYLQMNSLKHEDTAVYYCAARAPVGQS---------------SSPYDYDYWGQGTQVTVSS,VQLVESGGGLVRPGGSLRLSCVDSERTSYPMGWFRRAPGKEREFVASITWSGIDPTYADSVADRFTTSRDVANNTLYLQMNSLKHEDTAVYYCAARAPVGQSSSPYDYDYWGQGTQVTVSS,61.44
