protein,chain,residue,residue_name,score
folded,H,1,Q,-1.4267
folded,H,2,V,-1.3302
folded,H,3,Q,-1.7785
folded,H,4,L,0.0000
folded,H,5,Q,-1.8742
folded,H,6,E,-1.4999
folded,H,7,S,-1.3806
folded,H,8,G,-1.2346
folded,H,9,G,-0.8427
folded,H,10,G,-0.0803
folded,H,11,L,1.0726
folded,H,12,V,0.0303
folded,H,13,Q,-1.1901
folded,H,14,A,-1.4395
folded,H,15,G,-1.4127
folded,H,16,G,-0.9918
folded,H,17,S,-1.4144
folded,H,18,L,-1.0632
folded,H,19,R,-2.2388
folded,H,20,L,0.0000
folded,H,21,S,-0.9824
folded,H,22,C,0.0000
folded,H,23,A,-1.2565
folded,H,24,A,-1.2896
folded,H,25,S,-1.5474
folded,H,26,G,-1.5283
folded,H,27,S,-1.5263
folded,H,28,D,-2.2070
folded,H,29,F,0.0000
folded,H,30,S,-1.5929
folded,H,31,S,-1.5010
folded,H,32,S,0.0000
folded,H,33,T,-0.7373
folded,H,34,M,0.0000
folded,H,35,G,0.0000
folded,H,36,W,0.0000
folded,H,37,Y,0.1397
folded,H,38,R,0.0000
folded,H,39,Q,-1.9514
folded,H,40,A,-1.9400
folded,H,41,P,-1.3829
folded,H,42,G,-1.9006
folded,H,43,K,-3.1528
folded,H,44,Q,-3.1313
folded,H,45,R,-2.7583
folded,H,46,E,-1.6670
folded,H,47,F,-0.0535
folded,H,48,V,0.0000
folded,H,49,A,0.0000
folded,H,50,I,0.7027
folded,H,51,S,0.0000
folded,H,52,S,-1.0464
folded,H,53,E,-2.2599
folded,H,54,G,-1.4907
folded,H,55,S,-0.9076
folded,H,56,T,-0.3713
folded,H,57,S,-0.1651
folded,H,58,Y,-0.3357
folded,H,59,A,-0.5413
folded,H,60,G,-1.0914
folded,H,61,S,-1.1196
folded,H,62,V,0.0000
folded,H,63,K,-2.1694
folded,H,64,G,-1.6222
folded,H,65,R,-1.5843
folded,H,66,F,0.0000
folded,H,67,T,-0.8684
folded,H,68,I,0.0000
folded,H,69,S,-0.5989
folded,H,70,R,-1.5795
folded,H,71,D,-2.0243
folded,H,72,N,-2.4034
folded,H,73,A,-1.7404
folded,H,74,K,-2.4771
folded,H,75,N,-2.1878
folded,H,76,T,-1.5055
folded,H,77,V,0.0000
folded,H,78,Y,-0.7142
folded,H,79,L,0.0000
folded,H,80,Q,-1.4003
folded,H,81,M,0.0000
folded,H,82,N,-1.6961
folded,H,83,S,-1.3907
folded,H,84,L,0.0000
folded,H,85,E,-2.5130
folded,H,86,P,-1.9855
folded,H,87,E,-2.4158
folded,H,88,D,0.0000
folded,H,89,T,-0.9404
folded,H,90,A,0.0000
folded,H,91,V,-0.5052
folded,H,92,Y,0.0000
folded,H,93,Y,-0.4624
folded,H,94,C,0.0000
folded,H,95,N,0.0000
folded,H,96,V,0.0000
folded,H,97,V,0.0982
folded,H,98,D,-1.1378
folded,H,99,R,-1.3503
folded,H,100,W,0.4720
folded,H,101,Y,0.5895
folded,H,102,D,-0.6595
folded,H,103,Y,-0.1497
folded,H,104,W,-0.2338
folded,H,105,G,-0.9474
folded,H,106,Q,-1.5161
folded,H,107,G,-1.0396
folded,H,108,T,-1.1381
folded,H,109,Q,-1.0240
folded,H,110,V,0.0000
folded,H,111,T,-0.3120
folded,H,112,V,0.0000
folded,H,113,S,-0.6716
folded,H,114,A,-0.5658
